issue_id,api_count,apis
159974,25,"torch.Tensor,torch.all,torch.allclose,torch.any,torch.compile,torch.cuda.is_available,torch.device,torch.distributed,torch.distributed.broadcast_object_list,torch.distributed.gather_object,torch.distributed.recv_object_list,torch.distributed.send_object_list,torch.equal,torch.eye,torch.library,torch.library.Library,torch.library.impl,torch.library.impl_abstract,torch.library.register_fake,torch.lobpcg,torch.multiprocessing,torch.ops.test_xpu_lib.custom_addcmul,torch.prod,torch.randn,torch.xpu.is_available"
160053,19,"torch.empty,torch.nn,torch.nn.CosineEmbeddingLoss,torch.nn.MSELoss,torch.nn.MaxUnpool2d,torch.nn.MaxUnpool3d,torch.nn.functional,torch.nn.functional.conv1d,torch.nn.functional.conv2d,torch.nn.functional.conv3d,torch.nn.functional.grid_sample,torch.nn.functional.pad,torch.ones,torch.rand,torch.randn,torch.special,torch.special.gammainc,torch.special.gammaincc,torch.zeros"
160074,23,"torch.Tensor,torch.all,torch.any,torch.bfloat16,torch.compile,torch.cuda.is_available,torch.cuda.set_device,torch.device,torch.distributed,torch.distributed.broadcast_object_list,torch.distributed.gather_object,torch.distributed.reduce,torch.empty_like,torch.eye,torch.isfinite,torch.library,torch.library.impl_abstract,torch.lobpcg,torch.multiprocessing,torch.ops.test_gqa.custom_attention,torch.prod,torch.randn,torch.randn_like"
160077,18,"torch.chunk,torch.compile,torch.complex,torch.cuda.device,torch.cuda.is_available,torch.device,torch.nn,torch.nn.RNNBase,torch.nn.functional,torch.nn.functional.avg_pool2d,torch.nn.functional.avg_pool3d,torch.nn.functional.pixel_unshuffle,torch.randn,torch.renorm,torch.repeat_interleave,torch.split,torch.stack,torch.tensor"
160084,28,"torch.Tensor,torch.all,torch.any,torch.compile,torch.cuda.device_count,torch.cuda.is_available,torch.cuda.set_device,torch.device,torch.distributed,torch.distributed.broadcast_object_list,torch.distributed.gather_object,torch.distributed.recv_object_list,torch.distributed.reduce,torch.empty_like,torch.eye,torch.library,torch.library.define,torch.library.impl,torch.library.register_fake,torch.lobpcg,torch.multiprocessing,torch.nn,torch.nn.Module,torch.nn.Parameter,torch.ops.testlib.custom_linear,torch.prod,torch.randn,torch.tensor"
160437,22,"torch.Tensor,torch.all,torch.allclose,torch.any,torch.compile,torch.distributed,torch.distributed.broadcast_object_list,torch.distributed.gather_object,torch.distributed.recv_object_list,torch.distributed.reduce,torch.equal,torch.eye,torch.float32,torch.library,torch.library.impl_abstract,torch.lobpcg,torch.multiprocessing,torch.ones,torch.ops.test_custom_lib.custom_op,torch.prod,torch.randn,torch.tensor"
160495,18,"torch.add,torch.compile,torch.complex64,torch.div,torch.empty,torch.exp,torch.log,torch.mul,torch.nn,torch.nn.functional,torch.numel,torch.randn,torch.set_grad_enabled,torch.sigmoid,torch.square,torch.sub,torch.tanh,torch.unique"
160520,30,"torch.all,torch.allclose,torch.any,torch.compile,torch.cuda.device,torch.cuda.device_count,torch.cuda.is_available,torch.cuda.set_device,torch.device,torch.distributed,torch.distributed.broadcast_object_list,torch.distributed.gather_object,torch.distributed.reduce,torch.distributed.send_object_list,torch.eye,torch.library,torch.library.impl_abstract,torch.lobpcg,torch.multiprocessing,torch.nn,torch.nn.Module,torch.ops.test_ns.custom_op,torch.prod,torch.profiler,torch.profiler.ProfilerActivity.CPU,torch.profiler.ProfilerActivity.CUDA,torch.profiler.profile,torch.profiler.tensorboard_trace_handler,torch.randn,torch.tensor"
160547,25,"torch.allclose,torch.cuda.is_available,torch.device,torch.diag,torch.distributed,torch.empty_like,torch.equal,torch.export.export,torch.is_tensor,torch.library,torch.library.define,torch.library.opcheck,torch.nn,torch.nn.DataParallel,torch.nn.Module,torch.nn.utils.prune,torch.nn.utils.prune.ln_structured,torch.ones,torch.ops,torch.ops.aten.add.Tensor,torch.pca_lowrank,torch.randn,torch.utils.checkpoint,torch.utils.checkpoint.checkpoint_sequential,torch.vmap"
160612,24,"torch.Tensor,torch.arange,torch.cartesian_prod,torch.distributed,torch.distributed.all_to_all_single,torch.distributed.isend,torch.empty_like,torch.equal,torch.int64,torch.manual_seed,torch.multiprocessing,torch.nested.nested_tensor,torch.nn,torch.nn.Parameter,torch.nn.functional,torch.nn.functional.linear,torch.nn.utils,torch.nn.utils.prune,torch.rand,torch.randn,torch.random,torch.random.manual_seed,torch.tensor,torch.zeros"
160630,17,"torch.Size,torch.allclose,torch.cholesky_solve,torch.equal,torch.float32,torch.index_select,torch.nn,torch.norm,torch.normal,torch.promote_types,torch.quantile,torch.quantize_per_tensor,torch.quint8,torch.searchsorted,torch.stack,torch.tensor,torch.zeros_like"
160730,24,"torch.add,torch.all,torch.any,torch.compile,torch.distributed,torch.distributed.broadcast_object_list,torch.distributed.gather_object,torch.distributed.recv_object_list,torch.distributed.reduce,torch.float32,torch.from_numpy,torch.library.impl_abstract,torch.lobpcg,torch.manual_seed,torch.mean,torch.multiprocessing,torch.ones,torch.ops.test_lib.my_complex_op,torch.prod,torch.randn,torch.sin,torch.sub,torch.tan,torch.testing.assert_close"
160737,18,"torch.Size,torch.allclose,torch.backends,torch.backends.mps.is_available,torch.cholesky_solve,torch.cummax,torch.cummin,torch.cumprod,torch.cumsum,torch.empty_strided,torch.equal,torch.logcumsumexp,torch.nn,torch.nn.functional,torch.ones,torch.randn,torch.stack,torch.tensor"
160738,16,"torch.arange,torch.backends,torch.backends.mps.is_available,torch.cuda.is_available,torch.dist,torch.dtype,torch.maximum,torch.minimum,torch.norm,torch.ones,torch.promote_types,torch.std,torch.svd,torch.tensor,torch.var,torch.zeros"
160743,16,"torch.allclose,torch.backends.mps.is_available,torch.manual_seed,torch.nn.AvgPool1d,torch.nn.AvgPool3d,torch.nn.CrossEntropyLoss,torch.nn.FractionalMaxPool2d,torch.nn.LPPool2d,torch.nn.MaxPool1d,torch.nn.MaxPool2d,torch.nn.MaxPool3d,torch.nn.MultiMarginLoss,torch.nn.NLLLoss,torch.rand,torch.randint,torch.randn"
160751,22,"torch.all,torch.any,torch.compile,torch.cuda.is_available,torch.cuda.set_device,torch.cuda.synchronize,torch.distributed,torch.distributed.broadcast_object_list,torch.distributed.gather_object,torch.distributed.recv_object_list,torch.distributed.send_object_list,torch.empty_like,torch.eye,torch.isfinite,torch.library,torch.library.impl_abstract,torch.lobpcg,torch.multiprocessing,torch.ops.test_sync_lib.check_and_sync,torch.prod,torch.randn,torch.tensor"
160752,29,"torch.all,torch.allclose,torch.any,torch.autograd.functional,torch.autograd.functional.jacobian,torch.compile,torch.distributed,torch.distributed.broadcast_object_list,torch.distributed.gather_object,torch.distributed.recv_object_list,torch.distributed.reduce,torch.empty,torch.equal,torch.eye,torch.float64,torch.frombuffer,torch.func,torch.func.jacfwd,torch.int64,torch.library.impl_abstract,torch.lobpcg,torch.long,torch.multiprocessing,torch.nn.functional.one_hot,torch.ops.test_ns.one_hot_square_mul,torch.rand,torch.randint,torch.tensor,torch.uint8"
160840,22,"torch.compile,torch.float64,torch.from_numpy,torch.int32,torch.manual_seed,torch.nn.Upsample,torch.nn.functional.binary_cross_entropy,torch.nn.functional.binary_cross_entropy_with_logits,torch.nn.functional.ctc_loss,torch.nn.functional.interpolate,torch.nn.functional.kl_div,torch.nn.functional.log_softmax,torch.nn.functional.upsample,torch.nn.functional.upsample_bilinear,torch.nn.functional.upsample_nearest,torch.nn.utils.rnn,torch.nn.utils.rnn.pack_padded_sequence,torch.nn.utils.rnn.pad_sequence,torch.randint,torch.randn,torch.tensor,torch.testing.assert_close"
160882,13,"torch.Tensor,torch.block_diag,torch.compile,torch.complex,torch.equal,torch.movedim,torch.nn.functional.pixel_unshuffle,torch.quantile,torch.randint_like,torch.randn,torch.randn_like,torch.renorm,torch.tensor"
161010,29,"torch.ByteTensor,torch.any,torch.compile,torch.cuda.is_available,torch.distributed,torch.distributed.broadcast_object_list,torch.distributed.gather_object,torch.distributed.recv_object_list,torch.distributed.reduce,torch.distributed.send_object_list,torch.equal,torch.eye,torch.library,torch.library.impl,torch.library.register_fake,torch.linalg.qr,torch.linalg.solve_triangular,torch.lobpcg,torch.long,torch.manual_seed,torch.multiprocessing,torch.ones,torch.ops.test_stride_lib.custom_clone_preserve,torch.preserve_format,torch.prod,torch.rand,torch.randn,torch.tensor,torch.zeros"
161116,24,"torch.argsort,torch.clamp,torch.cuda.device_count,torch.cuda.is_available,torch.cuda.set_device,torch.device,torch.distributed,torch.distributed.broadcast_object_list,torch.distributed.get_process_group_ranks,torch.distributed.init_process_group,torch.distributed.scatter_object_list,torch.distributed.send_object_list,torch.hub,torch.hub.load_state_dict_from_url,torch.is_tensor,torch.isnan,torch.multiprocessing,torch.nn.functional,torch.nn.functional.binary_cross_entropy,torch.nn.functional.cross_entropy,torch.nn.functional.kl_div,torch.rand,torch.randint,torch.randn"
161186,30,"torch.Tensor,torch.autograd.Function,torch.cuda.is_available,torch.cuda.memory_allocated,torch.cuda.reset_peak_memory_stats,torch.cuda.set_device,torch.device,torch.distributed,torch.distributed.gather_object,torch.distributed.new_group,torch.export,torch.export.export,torch.float32,torch.hub,torch.hub.help,torch.hub.list,torch.library.define,torch.multiprocessing,torch.nn,torch.nn.Module,torch.nn.Parameter,torch.nn.functional,torch.nn.functional.upsample,torch.nn.utils.prune,torch.nn.utils.prune.global_unstructured,torch.randn,torch.utils.checkpoint,torch.utils.checkpoint.checkpoint,torch.utils.checkpoint.checkpoint_sequential,torch.zeros"
161265,20,"torch.all,torch.amax,torch.amin,torch.argmax,torch.argmin,torch.backends,torch.backends.mps.is_available,torch.complex64,torch.empty,torch.float32,torch.fmax,torch.fmin,torch.full,torch.int8,torch.is_complex,torch.ones,torch.rand_like,torch.randint,torch.trace,torch.zeros"
161318,24,"torch.all,torch.any,torch.arange,torch.bool,torch.compile,torch.cuda.is_available,torch.device,torch.distributed,torch.distributed.broadcast_object_list,torch.distributed.gather_object,torch.distributed.reduce,torch.distributed.send_object_list,torch.equal,torch.eye,torch.library.define,torch.library.impl,torch.library.register_fake,torch.lobpcg,torch.multiprocessing,torch.ones,torch.ops.testlib.data_dependent_slice,torch.prod,torch.randn,torch.tensor"
161391,18,"torch.abs,torch.arange,torch.cholesky_solve,torch.cuda.is_available,torch.cummax,torch.cummin,torch.cumprod,torch.cumsum,torch.device,torch.index_select,torch.is_tensor,torch.max,torch.min,torch.nn.functional,torch.promote_types,torch.randn,torch.tril,torch.zeros_like"
161393,17,"torch.Tensor,torch.all,torch.allclose,torch.any,torch.compile,torch.distributed,torch.distributed.broadcast_object_list,torch.distributed.gather_object,torch.distributed.recv_object_list,torch.equal,torch.eye,torch.library.impl_abstract,torch.lobpcg,torch.multiprocessing,torch.ops.mylib.custom_nonzero,torch.prod,torch.randn"
161457,33,"torch.Tensor,torch.abs,torch.all,torch.allclose,torch.any,torch.arange,torch.bfloat16,torch.compile,torch.cuda.is_available,torch.cuda.set_device,torch.distributed,torch.distributed.broadcast_object_list,torch.distributed.gather_object,torch.distributed.recv_object_list,torch.distributed.reduce,torch.distributed.send_object_list,torch.equal,torch.eye,torch.float32,torch.library,torch.library.define,torch.library.impl,torch.library.register_fake,torch.lobpcg,torch.long,torch.manual_seed,torch.multiprocessing,torch.ones,torch.ops.test_ns.my_op,torch.prod,torch.randint,torch.randn,torch.zeros_like"
161563,36,"torch.all,torch.allclose,torch.any,torch.cuda.is_available,torch.device,torch.distributed,torch.distributed.new_group,torch.empty_like,torch.export,torch.export.export,torch.float64,torch.library,torch.library.Library,torch.library.define,torch.library.impl,torch.library.opcheck,torch.library.register_autograd,torch.library.register_vmap,torch.long,torch.manual_seed,torch.multiprocessing,torch.nn,torch.nn.DataParallel,torch.nn.Linear,torch.nn.Module,torch.nn.utils,torch.nn.utils.prune.global_unstructured,torch.nn.utils.prune.ln_structured,torch.ones,torch.ops.aten.add.Tensor,torch.ops.test_ns.custom_mul,torch.ops.test_ns.custom_op,torch.pca_lowrank,torch.randint,torch.randn,torch.utils.checkpoint"
161610,22,"torch.Tensor,torch.all,torch.allclose,torch.any,torch.cat,torch.compile,torch.distributed,torch.distributed.broadcast_object_list,torch.distributed.recv_object_list,torch.distributed.reduce,torch.equal,torch.eye,torch.library.define,torch.library.impl,torch.library.register_fake,torch.lobpcg,torch.multiprocessing,torch.ops.test.custom_op,torch.prod,torch.randn,torch.stack,torch.tensor"
161611,24,"torch.all,torch.bool,torch.det,torch.dist,torch.equal,torch.eye,torch.float16,torch.float32,torch.float64,torch.int32,torch.isclose,torch.isinf,torch.linalg.matrix_power,torch.linalg.qr,torch.linspace,torch.norm,torch.normal,torch.ones,torch.qr,torch.randn,torch.slogdet,torch.tensor,torch.tril,torch.zeros"
161618,31,"torch.Tensor,torch.addmm,torch.all,torch.any,torch.compile,torch.cuda.device_count,torch.cuda.is_available,torch.cuda.set_device,torch.device,torch.distributed,torch.distributed.broadcast_object_list,torch.distributed.gather_object,torch.distributed.reduce,torch.empty,torch.empty_like,torch.eye,torch.float32,torch.is_tensor,torch.library,torch.library.define,torch.library.register_fake,torch.lobpcg,torch.long,torch.manual_seed,torch.multiprocessing,torch.ops.test.addmm,torch.prod,torch.randn,torch.tensor,torch.uint8,torch.zeros"
161729,21,"torch.cuda.is_available,torch.device,torch.einsum,torch.empty,torch.equal,torch.float,torch.floor_divide,torch.from_numpy,torch.isnan,torch.long,torch.nn.functional,torch.nn.functional.conv_transpose1d,torch.nn.functional.conv_transpose3d,torch.nn.functional.hardshrink,torch.nn.functional.softshrink,torch.nn.utils,torch.randint,torch.randn,torch.set_default_device,torch.symeig,torch.take"
161763,21,"torch.all,torch.allclose,torch.any,torch.compile,torch.distributed,torch.distributed.broadcast_object_list,torch.distributed.gather_object,torch.distributed.recv_object_list,torch.distributed.reduce,torch.empty_like,torch.equal,torch.float32,torch.manual_seed,torch.multiprocessing,torch.neg,torch.ops.custom.neg_add_uint8,torch.prod,torch.randint,torch.randn,torch.tensor,torch.uint8"
161812,16,"torch.Tensor,torch.cat,torch.chunk,torch.export,torch.export.dims,torch.gather,torch.isinf,torch.isnan,torch.jagged,torch.nested.nested_tensor,torch.nn,torch.nn.Linear,torch.nn.ModuleDict,torch.ones,torch.triu,torch.unbind"
161875,16,"torch.device,torch.hub.load_state_dict_from_url,torch.long,torch.nn.LazyConv1d,torch.nn.LazyConv2d,torch.nn.LazyConv3d,torch.nn.LazyConvTranspose1d,torch.nn.LazyConvTranspose2d,torch.nn.LazyConvTranspose3d,torch.nn.functional,torch.nn.functional.cross_entropy,torch.nn.functional.embedding,torch.nn.functional.embedding_bag,torch.randint,torch.randn,torch.tensor"
161877,12,"torch.int64,torch.long,torch.nn,torch.nn.Module,torch.nn.functional,torch.nn.functional.instance_norm,torch.randint,torch.randint_like,torch.randn,torch.randn_like,torch.std_mean,torch.tensor"
161888,17,"torch.bool,torch.float,torch.int16,torch.int64,torch.long,torch.nn.BatchNorm1d,torch.nn.CosineEmbeddingLoss,torch.nn.L1Loss,torch.nn.MSELoss,torch.nn.MaxUnpool1d,torch.nn.MaxUnpool2d,torch.nn.MaxUnpool3d,torch.nn.MultiLabelMarginLoss,torch.nn.NLLLoss,torch.nn.PoissonNLLLoss,torch.nn.functional.affine_grid,torch.randint"
161904,34,"torch.Tensor,torch.all,torch.allclose,torch.any,torch.argmax,torch.compile,torch.compiled,torch.cuda.is_available,torch.cuda.set_device,torch.device,torch.distributed,torch.distributed.broadcast_object_list,torch.distributed.device_mesh,torch.distributed.recv_object_list,torch.distributed.reduce,torch.distributed.send_object_list,torch.empty_like,torch.eye,torch.float64,torch.library,torch.library.register_fake,torch.lobpcg,torch.manual_seed,torch.multiprocessing,torch.multiprocessing.spawn,torch.nn,torch.nn.ModuleDict,torch.no_grad,torch.norm,torch.ones,torch.ops.pipeline_ops.custom_pipeline_step,torch.prod,torch.randint,torch.randn"
161905,34,"torch.ByteTensor,torch.Tensor,torch.all,torch.any,torch.backends.mps.is_available,torch.compile,torch.cuda.is_available,torch.device,torch.distributed,torch.distributed.broadcast_object_list,torch.distributed.gather_object,torch.distributed.recv_object_list,torch.distributed.reduce,torch.distributed.send_object_list,torch.empty_like,torch.eye,torch.flatten,torch.isfinite,torch.library,torch.library.impl_abstract,torch.library.register_fake,torch.lobpcg,torch.long,torch.multiprocessing,torch.nn,torch.ones,torch.ops,torch.ops.test_mps_backend,torch.ops.test_mps_backend.custom_mps_op,torch.optim,torch.prod,torch.randint,torch.randn,torch.tensor"
161906,23,"torch.Tensor,torch.abs,torch.allclose,torch.arange,torch.block_diag,torch.compile,torch.complex,torch.cuda.is_available,torch.equal,torch.hann_window,torch.int32,torch.manual_seed,torch.movedim,torch.nn,torch.nn.functional,torch.nn.functional.pixel_shuffle,torch.quantile,torch.randint_like,torch.randn,torch.randn_like,torch.renorm,torch.stft,torch.tensor"
161944,18,"torch.add,torch.compile,torch.cuda.is_available,torch.device,torch.div,torch.exp,torch.float64,torch.log,torch.manual_seed,torch.mul,torch.nn.functional,torch.rand,torch.randn,torch.set_default_device,torch.sigmoid,torch.square,torch.sub,torch.tanh"
161948,19,"torch.all,torch.bool,torch.count_nonzero,torch.distributions,torch.eq,torch.equal,torch.int32,torch.is_floating_point,torch.matmul,torch.ones,torch.randn,torch.reshape,torch.set_num_threads,torch.swapaxes,torch.tensor,torch.tril,torch.tril_indices,torch.triu_indices,torch.zeros"
161969,35,"torch.Tensor,torch.allclose,torch.any,torch.backends.mps.is_available,torch.compile,torch.device,torch.diag,torch.distributed,torch.distributed.broadcast_object_list,torch.distributed.gather_object,torch.distributed.recv_object_list,torch.distributed.reduce,torch.distributed.send_object_list,torch.empty_like,torch.equal,torch.eye,torch.float32,torch.func,torch.func.grad,torch.func.vmap,torch.isfinite,torch.library,torch.library.Library,torch.library.impl_abstract,torch.linalg.cholesky,torch.lobpcg,torch.multiprocessing,torch.ones,torch.ops.mylib.cholesky_inverse,torch.prod,torch.randn,torch.sum,torch.tensor,torch.vmap,torch.zeros"
162146,22,"torch.ByteTensor,torch.LongTensor,torch.all,torch.any,torch.compile,torch.distributed,torch.distributed.broadcast_object_list,torch.distributed.gather_object,torch.eye,torch.float32,torch.library.Library,torch.library.register_fake,torch.lobpcg,torch.manual_seed,torch.multiprocessing,torch.ops.test_lib.custom_sin_inplace,torch.randn,torch.sin,torch.tensor,torch.testing.assert_allclose,torch.testing.assert_close,torch.zeros_like"
162147,34,"torch.Tensor,torch.allclose,torch.cat,torch.cholesky_solve,torch.compile,torch.cummax,torch.cummin,torch.cumprod,torch.cumsum,torch.einsum,torch.empty_strided,torch.eye,torch.index_select,torch.isfinite,torch.isinf,torch.isnan,torch.linalg.solve,torch.logcumsumexp,torch.matmul,torch.nn,torch.nn.LazyLinear,torch.nn.Linear,torch.nn.functional,torch.nn.functional.pdist,torch.no_grad,torch.norm,torch.ones,torch.ones_like,torch.randn,torch.softmax,torch.split,torch.stack,torch.topk,torch.triu"
162228,24,"torch.Tensor,torch.all,torch.allclose,torch.any,torch.arange,torch.compile,torch.cuda.is_available,torch.device,torch.distributed,torch.distributed.reduce,torch.distributed.send_object_list,torch.eye,torch.float64,torch.gather,torch.library,torch.library.register_fake,torch.lobpcg,torch.long,torch.manual_seed,torch.multiprocessing,torch.ones,torch.ops.custom.flex_like_op,torch.prod,torch.randn"
162242,21,"torch.arange,torch.ceil,torch.cholesky,torch.cholesky_inverse,torch.clone,torch.cuda.empty_cache,torch.cuda.is_available,torch.device,torch.eye,torch.float32,torch.floor,torch.int64,torch.manual_seed,torch.ones_like,torch.randn,torch.round,torch.scatter,torch.scatter_add,torch.tensor,torch.transpose,torch.trunc"
162279,21,"torch.any,torch.cuda.is_available,torch.device,torch.distributed,torch.distributed.new_group,torch.equal,torch.export.export,torch.library,torch.library.Library,torch.library.define,torch.library.impl_abstract,torch.library.opcheck,torch.nn,torch.nn.DataParallel,torch.nn.utils.prune,torch.ops.aten.any.dims,torch.ops.custom_ns.any_dims,torch.randn,torch.sum,torch.utils.checkpoint,torch.utils.checkpoint.checkpoint_sequential"
162327,14,"torch.empty,torch.full_like,torch.int32,torch.int8,torch.nn.functional.instance_norm,torch.nn.functional.l1_loss,torch.nn.functional.lp_pool2d,torch.nn.functional.max_unpool1d,torch.nn.functional.max_unpool2d,torch.nn.functional.max_unpool3d,torch.nn.functional.multilabel_soft_margin_loss,torch.nn.functional.smooth_l1_loss,torch.randint_like,torch.sort"
162410,23,"torch.all,torch.any,torch.compile,torch.cuda.device_count,torch.cuda.is_available,torch.distributed,torch.distributed.broadcast_object_list,torch.empty,torch.empty_like,torch.eye,torch.library,torch.lobpcg,torch.long,torch.manual_seed,torch.multiprocessing,torch.ones,torch.ops.test_fusion_lib.inplace_flip_sum,torch.prod,torch.randn,torch.sum,torch.tensor,torch.testing.assert_close,torch.uint8"
162486,17,"torch.Size,torch.broadcast_shapes,torch.cuda.is_available,torch.device,torch.nn,torch.nn.RNN,torch.nn.functional,torch.nn.utils,torch.nn.utils.rnn,torch.nn.utils.rnn.PackedSequence,torch.optim.swa_utils,torch.randn,torch.set_default_device,torch.symeig,torch.tensor,torch.unbind,torch.utils.data.random_split"
162504,29,"torch.allclose,torch.autograd.Function,torch.autograd.grad,torch.cuda.CUDAGraph,torch.cuda.graph,torch.cuda.is_available,torch.cuda.manual_seed,torch.distributed,torch.distributed.gather_object,torch.distributed.new_group,torch.equal,torch.export,torch.export.export,torch.hub.help,torch.hub.list,torch.library,torch.library.impl,torch.library.register_autograd,torch.nn,torch.nn.functional.upsample,torch.nn.utils.prune,torch.ones,torch.ones_like,torch.ops.test_lib.custom_op,torch.randn,torch.sigmoid,torch.utils.checkpoint,torch.utils.checkpoint.checkpoint,torch.utils.checkpoint.checkpoint_sequential"
162683,14,"torch.complex,torch.complex64,torch.distributed,torch.empty,torch.float16,torch.float32,torch.istft,torch.manual_seed,torch.narrow,torch.nn.RNN,torch.nn.RNNBase,torch.nn.functional,torch.repeat_interleave,torch.split"
162722,48,"torch.Tensor,torch.abs,torch.all,torch.allclose,torch.any,torch.arange,torch.bool,torch.compile,torch.distributed,torch.distributed.broadcast_object_list,torch.distributed.gather_object,torch.distributed.reduce,torch.einsum,torch.empty,torch.equal,torch.eye,torch.float64,torch.frombuffer,torch.isclose,torch.isfinite,torch.library,torch.library.Library,torch.library.impl,torch.library.impl_abstract,torch.linalg.eigh,torch.lobpcg,torch.long,torch.manual_seed,torch.matmul,torch.max,torch.multiprocessing,torch.nn,torch.nn.Module,torch.nn.functional,torch.no_grad,torch.norm,torch.ones,torch.ops.test_attention_lib,torch.ops.test_attention_lib.custom_scaled_dot_product,torch.prod,torch.randint,torch.randn,torch.softmax,torch.sort,torch.tensor,torch.tril,torch.uint8,torch.zeros"
162725,20,"torch.addmv,torch.cholesky,torch.cholesky_solve,torch.compile,torch.cuda.is_available,torch.einsum,torch.eye,torch.float32,torch.floor_divide,torch.nn.functional.batch_norm,torch.nn.functional.conv_transpose1d,torch.nn.functional.conv_transpose2d,torch.nn.functional.hardshrink,torch.nn.functional.rrelu,torch.nn.utils.clip_grad_value_,torch.ones_like,torch.randn,torch.tensor,torch.testing.assert_close,torch.where"
162730,26,"torch.abs,torch.allclose,torch.as_strided,torch.backends.mps.is_available,torch.distributed,torch.distributions,torch.distributions.constraints,torch.empty_like,torch.equal,torch.int32,torch.manual_seed,torch.multiprocessing,torch.nested.nested_tensor,torch.nn.functional.group_norm,torch.nn.functional.instance_norm,torch.nn.functional.linear,torch.nn.functional.mse_loss,torch.nn.functional.triplet_margin_with_distance_loss,torch.permute,torch.quantize_per_channel,torch.quint8,torch.randn,torch.randn_like,torch.renorm,torch.reshape,torch.zeros"
162756,25,"torch.Tensor,torch.all,torch.allclose,torch.any,torch.compile,torch.cuda.is_available,torch.distributed,torch.distributed.broadcast_object_list,torch.distributed.gather_object,torch.distributed.recv_object_list,torch.distributed.reduce,torch.distributed.send_object_list,torch.empty_like,torch.equal,torch.eye,torch.library,torch.library.impl,torch.lobpcg,torch.multiprocessing,torch.ops.test_ns.custom_op,torch.prod,torch.rand,torch.randn,torch.sum,torch.testing.assert_close"
162860,24,"torch.ByteTensor,torch.Tensor,torch.all,torch.any,torch.compile,torch.distributed,torch.distributed.broadcast_object_list,torch.distributed.gather_object,torch.distributed.reduce,torch.equal,torch.eye,torch.library,torch.library.impl_abstract,torch.lobpcg,torch.long,torch.manual_seed,torch.multiprocessing,torch.ones,torch.ops.test_debug_lib.custom_op,torch.prod,torch.randn,torch.tensor,torch.uint8,torch.zeros"
162876,20,"torch.Tensor,torch.allclose,torch.aminmax,torch.cholesky_solve,torch.cummax,torch.cummin,torch.cumprod,torch.cumsum,torch.equal,torch.index_select,torch.max,torch.nn.LazyLinear,torch.nn.functional,torch.nn.functional.cosine_similarity,torch.return_types.aminmax,torch.return_types.cummax,torch.return_types.cummin,torch.return_types.max,torch.tensor,torch.zeros_like"
163061,26,"torch.Tensor,torch.all,torch.allclose,torch.any,torch.compile,torch.compile_add,torch.cuda.is_available,torch.cuda.synchronize,torch.distributed,torch.distributed.broadcast_object_list,torch.distributed.gather_object,torch.distributed.recv,torch.distributed.reduce,torch.empty,torch.empty_like,torch.float64,torch.library.define,torch.library.impl,torch.library.impl_abstract,torch.library.register_fake,torch.lobpcg,torch.multiprocessing,torch.ops.test_gil_ops.custom_add,torch.prod,torch.randn,torch.zeros"
163082,21,"torch.allclose,torch.compile,torch.cuda.is_available,torch.equal,torch.exp,torch.float32,torch.isclose,torch.manual_seed,torch.nn,torch.nn.Hardshrink,torch.nn.LogSoftmax,torch.nn.Softmin,torch.nn.functional.celu,torch.nn.functional.dropout3d,torch.nn.functional.feature_alpha_dropout,torch.nn.functional.leaky_relu,torch.nn.functional.lp_pool1d,torch.nn.functional.softmax,torch.randn,torch.sum,torch.tensor"
163153,34,"torch.Tensor,torch.accelerator,torch.allclose,torch.argsort,torch.cuda,torch.cuda.device_count,torch.cuda.is_available,torch.cuda.set_device,torch.device,torch.distributed,torch.distributed.broadcast_object_list,torch.distributed.fsdp,torch.distributed.get_process_group_ranks,torch.distributed.init_process_group,torch.distributed.scatter_object_list,torch.distributed.send_object_list,torch.equal,torch.gather,torch.hub,torch.hub.load_state_dict_from_url,torch.is_tensor,torch.isfinite,torch.isnan,torch.log,torch.multiprocessing,torch.nn.functional,torch.nn.functional.binary_cross_entropy,torch.nn.functional.cross_entropy,torch.nn.functional.kl_div,torch.ones,torch.rand,torch.randint,torch.randn,torch.sigmoid"
163275,19,"torch.Size,torch.allclose,torch.bmm,torch.broadcast_shapes,torch.compile,torch.complex64,torch.cuda.is_available,torch.float16,torch.float32,torch.mm,torch.mv,torch.nn,torch.nn.functional.prelu,torch.nn.functional.softshrink,torch.rand,torch.randn,torch.symeig,torch.t,torch.view_as_complex"
163329,26,"torch.ByteTensor,torch.Generator,torch.Tensor,torch.all,torch.allclose,torch.any,torch.bfloat16,torch.compile,torch.cuda.is_available,torch.distributed,torch.distributed.broadcast_object_list,torch.distributed.gather_object,torch.distributed.recv_object_list,torch.distributed.reduce,torch.equal,torch.float32,torch.library,torch.library.impl_abstract,torch.lobpcg,torch.long,torch.multiprocessing,torch.ones,torch.ops.test_custom_lib.my_custom_op,torch.prod,torch.randn,torch.tensor"
163420,27,"torch.ByteStorage.from_buffer,torch.ByteTensor,torch.abs,torch.all,torch.allclose,torch.any,torch.compile,torch.cuda.is_available,torch.distributed,torch.distributed.gather_object,torch.distributed.recv_object_list,torch.distributed.reduce,torch.distributed.send_object_list,torch.empty,torch.equal,torch.eye,torch.float32,torch.library.impl_abstract,torch.lobpcg,torch.long,torch.manual_seed,torch.multiprocessing,torch.no_grad,torch.ops.test_ns.custom_fill_diag,torch.prod,torch.randn,torch.tensor"
163449,19,"torch.addmm,torch.amax,torch.amin,torch.argmax,torch.argmin,torch.bfloat16,torch.compile,torch.equal,torch.float32,torch.fmax,torch.fmin,torch.matmul,torch.nn.functional.hardshrink,torch.nn.functional.relu,torch.nn.functional.softshrink,torch.nonzero,torch.pow,torch.rand,torch.t"
163483,25,"torch.arange,torch.as_tensor,torch.atleast_1d,torch.atleast_2d,torch.atleast_3d,torch.baddbmm,torch.cat,torch.channels_last,torch.cuda.device_count,torch.cuda.is_available,torch.cuda.set_device,torch.distributed,torch.distributed.all_gather,torch.distributed.destroy_process_group,torch.distributed.init_process_group,torch.distributed.reduce_scatter,torch.equal,torch.float32,torch.fmod,torch.int64,torch.multiprocessing,torch.ones,torch.tile,torch.zeros,torch.zeros_like"
163528,31,"torch.Tensor,torch.abs,torch.addmv,torch.allclose,torch.bucketize,torch.cholesky_solve,torch.compile,torch.cuda.get_rng_state,torch.cuda.is_available,torch.cuda.manual_seed,torch.cuda.set_rng_state,torch.equal,torch.eye,torch.float32,torch.get_rng_state,torch.index_select,torch.linalg.cholesky,torch.manual_seed,torch.max,torch.median,torch.nn.functional.batch_norm,torch.nn.functional.dropout,torch.no_grad,torch.ones,torch.randn,torch.randn_like,torch.searchsorted,torch.set_rng_state,torch.sort,torch.zeros,torch.zeros_like"
163563,25,"torch.all,torch.allclose,torch.any,torch.baddbmm,torch.bfloat16,torch.compile,torch.cuda.is_available,torch.cuda.set_device,torch.distributed,torch.distributed.broadcast_object_list,torch.distributed.gather_object,torch.distributed.reduce,torch.empty,torch.exp,torch.eye,torch.float32,torch.library,torch.library.impl_abstract,torch.lobpcg,torch.multiprocessing,torch.ops.my_custom_lib.my_baddbmm,torch.prod,torch.rand,torch.randn,torch.sigmoid"
163569,23,"torch.allclose,torch.bfloat16,torch.cdist,torch.compile,torch.cuda.is_available,torch.exp,torch.float32,torch.log_softmax,torch.nn,torch.nn.CosineEmbeddingLoss,torch.nn.TransformerDecoderLayer,torch.nn.UpsamplingBilinear2d,torch.nn.functional.adaptive_avg_pool2d,torch.nn.functional.conv1d,torch.nn.functional.conv2d,torch.nn.functional.conv3d,torch.nn.functional.ctc_loss,torch.nn.functional.pad,torch.nn.functional.upsample_bilinear,torch.nn.utils,torch.ones,torch.rand,torch.randint"
163687,24,"torch.Size,torch.Tensor,torch.all,torch.allclose,torch.any,torch.compile,torch.cuda.is_available,torch.distributed,torch.distributed.broadcast_object_list,torch.distributed.gather_object,torch.distributed.recv_object_list,torch.distributed.reduce,torch.equal,torch.eye,torch.float32,torch.library,torch.library.impl,torch.multiprocessing,torch.multiprocessing.spawn,torch.ops.test_ns.custom_flex_attention,torch.prod,torch.rand,torch.randn,torch.zeros"
163721,33,"torch.allclose,torch.amp,torch.amp.custom_fwd,torch.autocast,torch.autograd,torch.autograd.Function,torch.backends.mps.is_available,torch.cuda.amp,torch.cuda.amp.autocast,torch.cuda.amp.custom_fwd,torch.cuda.is_available,torch.device,torch.diff,torch.distributed,torch.distributed.irecv,torch.distributed.is_available,torch.distributed.isend,torch.distributed.recv,torch.equal,torch.multiprocessing,torch.nn,torch.nn.functional,torch.nn.functional.softmin,torch.ones,torch.optim,torch.optim.swa_utils.update_bn,torch.randn,torch.tensor,torch.unsqueeze,torch.utils.data,torch.where,torch.zeros,torch.zeros_like"
163798,25,"torch.Tensor,torch.all,torch.any,torch.compile,torch.distributed,torch.distributed.broadcast_object_list,torch.distributed.gather_object,torch.distributed.recv_object_list,torch.distributed.reduce,torch.empty,torch.equal,torch.eye,torch.frombuffer,torch.isfinite,torch.jit.script,torch.library.impl,torch.lobpcg,torch.long,torch.multiprocessing,torch.ops.define,torch.ops.test_ns.custom_tolist,torch.prod,torch.randn,torch.tensor,torch.uint8"
163894,30,"torch.addmm,torch.addmv,torch.allclose,torch.argmax,torch.argmin,torch.bool,torch.clamp_min,torch.compile,torch.cuda.is_available,torch.device,torch.equal,torch.float32,torch.floor_divide,torch.full,torch.int32,torch.int64,torch.long,torch.manual_seed,torch.mv,torch.nn.functional,torch.nn.functional.hardshrink,torch.nn.functional.softshrink,torch.nonzero,torch.ops.aten.add,torch.ops.aten.div,torch.ops.aten.mul,torch.randint,torch.randn,torch.take,torch.tensor"
163929,10,"torch.compile,torch.complex64,torch.fmax,torch.fmin,torch.imag,torch.manual_seed,torch.rand_like,torch.randn,torch.t,torch.testing.assert_close"
164063,26,"torch.allclose,torch.arange,torch.baddbmm,torch.bfloat16,torch.cat,torch.clamp,torch.compile,torch.cuda.is_available,torch.dist,torch.float32,torch.int64,torch.long,torch.maximum,torch.minimum,torch.nn.functional.embedding,torch.nn.functional.pad,torch.norm,torch.ones,torch.promote_types,torch.rand,torch.randint,torch.std,torch.svd,torch.tensor,torch.var,torch.zeros"
164086,22,"torch.add,torch.backends.mps.is_available,torch.cat,torch.clamp,torch.compile,torch.div,torch.exp,torch.float16,torch.int64,torch.log,torch.long,torch.mul,torch.nn.functional.embedding,torch.nn.functional.linear,torch.pow,torch.rand,torch.randint,torch.sigmoid,torch.square,torch.sub,torch.tanh,torch.tensor"
164157,27,"torch.allclose,torch.arange,torch.cat,torch.clamp,torch.compile,torch.cuda.is_available,torch.dist,torch.float16,torch.float64,torch.int64,torch.long,torch.maximum,torch.minimum,torch.nn.functional.embedding,torch.norm,torch.ones,torch.promote_types,torch.rand,torch.randint,torch.randn,torch.std,torch.svd,torch.tanh,torch.tensor,torch.testing.assert_close,torch.var,torch.zeros"
164286,21,"torch.Size,torch.autograd.functional.vjp,torch.bmm,torch.broadcast_shapes,torch.complex64,torch.func,torch.func.vjp,torch.mv,torch.nn,torch.nn.LayerNorm,torch.nn.functional,torch.nn.functional.prelu,torch.ones,torch.ones_like,torch.optim.swa_utils,torch.randn,torch.sparse_coo_tensor,torch.symeig,torch.t,torch.tensor,torch.view_as_complex"
164300,25,"torch.Tensor,torch.compile,torch.cos,torch.distributed,torch.distributed.gather_object,torch.distributed.new_group,torch.export,torch.export.export,torch.hub,torch.hub.help,torch.hub.list,torch.matmul,torch.multiprocessing,torch.nn,torch.nn.functional,torch.nn.utils.prune,torch.nn.utils.prune.global_unstructured,torch.ops.test_ns.custom_op,torch.randn,torch.sigmoid,torch.sin,torch.sum,torch.utils.checkpoint,torch.utils.checkpoint.checkpoint,torch.utils.checkpoint.checkpoint_sequential"
164385,22,"torch.Size,torch.add,torch.all,torch.allclose,torch.compile,torch.div,torch.equal,torch.exp,torch.float32,torch.fx.Node,torch.fx.experimental.symbolic_shapes,torch.int32,torch.int64,torch.log,torch.mul,torch.rand,torch.sigmoid,torch.square,torch.sub,torch.tanh,torch.tensor,torch.unique"
164465,37,"torch.all,torch.any,torch.arange,torch.bfloat16,torch.compile,torch.contiguous_format,torch.cuda.is_available,torch.distributed,torch.distributed.broadcast_object_list,torch.distributed.gather_object,torch.distributed.recv_object_list,torch.distributed.reduce,torch.distributed.send_object_list,torch.empty,torch.equal,torch.eye,torch.float32,torch.int64,torch.library,torch.library.impl_abstract,torch.lobpcg,torch.max,torch.multiprocessing,torch.ones,torch.ops.aten.clone.default,torch.ops.aten.embedding.default,torch.ops.aten.expand.default,torch.ops.aten.max.default,torch.ops.aten.permute.default,torch.ops.aten.prod.default,torch.ops.aten.unsqueeze.default,torch.ops.aten.view.default,torch.ops.bug_164465_lib.int64_iota_max,torch.ops.prims.iota,torch.ops.prims.iota.default,torch.randn,torch.tensor"
164486,22,"torch.add,torch.as_strided,torch.compile,torch.cuda.is_available,torch.div,torch.exp,torch.float16,torch.float32,torch.full,torch.int16,torch.log,torch.manual_seed,torch.mul,torch.rand,torch.randn,torch.sigmoid,torch.square,torch.squeeze,torch.sub,torch.tanh,torch.tensor,torch.unique"
164683,23,"torch.add,torch.backends.mps.is_available,torch.bfloat16,torch.clamp,torch.compile,torch.cuda.is_available,torch.div,torch.exp,torch.float,torch.int64,torch.log,torch.long,torch.mul,torch.nn.functional.embedding,torch.nn.functional.relu,torch.nn.functional.silu,torch.rand,torch.randint,torch.sigmoid,torch.square,torch.sub,torch.tanh,torch.tensor"
164684,18,"torch.add,torch.allclose,torch.bool,torch.compile,torch.div,torch.equal,torch.exp,torch.manual_seed,torch.mul,torch.rand,torch.randint,torch.sigmoid,torch.square,torch.squeeze,torch.sub,torch.tanh,torch.tensor,torch.unique"
164685,26,"torch.Tensor,torch.all,torch.allclose,torch.any,torch.compile,torch.cuda.is_available,torch.distributed,torch.distributed.broadcast_object_list,torch.distributed.gather_object,torch.distributed.reduce,torch.distributed.send_object_list,torch.equal,torch.eye,torch.float32,torch.full,torch.int32,torch.int64,torch.library,torch.library.impl_abstract,torch.lobpcg,torch.manual_seed,torch.multiprocessing,torch.ops.test_div_lib.custom_div,torch.prod,torch.randn,torch.tensor"
164686,30,"torch.all,torch.allclose,torch.any,torch.compile,torch.cuda.device_count,torch.cuda.is_available,torch.cuda.set_device,torch.distributed,torch.distributed.broadcast_object_list,torch.distributed.gather_object,torch.distributed.recv_object_list,torch.distributed.reduce,torch.distributed.send_object_list,torch.empty,torch.eye,torch.float32,torch.full,torch.int32,torch.int64,torch.library,torch.library.define,torch.library.impl,torch.library.impl_abstract,torch.lobpcg,torch.manual_seed,torch.multiprocessing,torch.ops.test_lib.fuzzed_op,torch.prod,torch.randn,torch.tensor"
164700,35,"torch.all,torch.allclose,torch.any,torch.arange,torch.cat,torch.compile,torch.cuda.is_available,torch.cuda.set_device,torch.distributed,torch.distributed.broadcast_object_list,torch.distributed.gather_object,torch.distributed.recv_object_list,torch.distributed.reduce,torch.distributed.send_object_list,torch.empty,torch.equal,torch.eye,torch.float32,torch.frombuffer,torch.int32,torch.int64,torch.library,torch.library.impl_abstract,torch.load,torch.lobpcg,torch.long,torch.multiprocessing,torch.multiprocessing.spawn,torch.nn,torch.ops.test_ns.complex_cat_op,torch.prod,torch.save,torch.tensor,torch.uint8,torch.zeros"
164701,35,"torch.ByteTensor,torch.Size,torch.Tensor,torch.all,torch.allclose,torch.any,torch.arange,torch.cat,torch.compile,torch.cuda.device_count,torch.cuda.is_available,torch.cuda.set_device,torch.device,torch.diag,torch.distributed,torch.distributed.gather_object,torch.distributed.send_object_list,torch.empty,torch.equal,torch.eye,torch.int32,torch.library.impl_abstract,torch.lobpcg,torch.long,torch.multiprocessing,torch.nn,torch.nonzero,torch.norm,torch.ones,torch.ops.testlib.slide_to_the_left_custom,torch.prod,torch.randn,torch.tensor,torch.uint8,torch.zeros"
164823,20,"torch.all,torch.allclose,torch.any,torch.compile,torch.distributed,torch.distributed.broadcast_object_list,torch.distributed.gather_object,torch.distributed.reduce,torch.distributed.send_object_list,torch.equal,torch.eye,torch.library,torch.library.impl_abstract,torch.lobpcg,torch.manual_seed,torch.multiprocessing,torch.nn,torch.ops.test_sparse_lib.sparse_scale,torch.prod,torch.randn"
164875,28,"torch.add,torch.allclose,torch.as_strided,torch.bool,torch.compile,torch.cuda.is_available,torch.div,torch.equal,torch.exp,torch.float32,torch.full,torch.int64,torch.log,torch.manual_seed,torch.mul,torch.nonzero,torch.numel,torch.randint,torch.randn,torch.sigmoid,torch.square,torch.sub,torch.tanh,torch.tensor,torch.testing,torch.testing.assert_close,torch.unique,torch.zeros"
164876,25,"torch.absolute,torch.allclose,torch.arange,torch.as_strided,torch.backends.cuda.cufft_plan_cache.size,torch.compile,torch.complex128,torch.cuda.is_available,torch.device,torch.diag,torch.diagflat,torch.fliplr,torch.flipud,torch.float64,torch.full,torch.int64,torch.manual_seed,torch.matmul,torch.numel,torch.randn,torch.real,torch.sinc,torch.tensor,torch.triu_indices,torch.unique"
165081,24,"torch.abs,torch.addmm,torch.addmv,torch.allclose,torch.argmax,torch.argmin,torch.clamp_min,torch.compile,torch.cuda.is_available,torch.device,torch.equal,torch.float64,torch.floor_divide,torch.full,torch.manual_seed,torch.matmul,torch.max,torch.mv,torch.nn.functional,torch.nn.functional.hardshrink,torch.nn.functional.softshrink,torch.nonzero,torch.randn,torch.take"
165105,32,"torch.abs,torch.allclose,torch.compile,torch.complex64,torch.cuda.is_available,torch.cuda.set_device,torch.device,torch.distributed,torch.distributed.all_to_all_single,torch.equal,torch.float16,torch.full,torch.istft,torch.manual_seed,torch.matmul,torch.max,torch.mean,torch.multiprocessing,torch.narrow,torch.nn,torch.nn.RNNBase,torch.nn.functional,torch.nn.functional.local_response_norm,torch.nn.functional.pixel_shuffle,torch.nn.functional.pixel_unshuffle,torch.nn.functional.prelu,torch.no_grad,torch.ones,torch.randn,torch.repeat_interleave,torch.split,torch.testing.assert_close"
165297,16,"torch.bfloat16,torch.channels_last,torch.channels_last_3d,torch.cuda.empty_cache,torch.cuda.is_available,torch.device,torch.isinf,torch.isnan,torch.nn,torch.nn.AvgPool1d,torch.nn.AvgPool2d,torch.nn.BCELoss,torch.nn.MultiMarginLoss,torch.randint,torch.randn,torch.sigmoid"
165549,19,"torch.Size,torch.abs,torch.acos,torch.allclose,torch.asin,torch.atan,torch.clamp,torch.cos,torch.empty,torch.exp2,torch.has_privateuse1,torch.log10,torch.neg,torch.rand,torch.randn,torch.register_privateuse1_backend,torch.sign,torch.sinh,torch.tan"
165624,25,"torch.ByteTensor,torch.Tensor,torch.all,torch.allclose,torch.any,torch.compile,torch.distributed,torch.distributed.gather_object,torch.distributed.recv_object_list,torch.distributed.send_object_list,torch.empty,torch.empty_like,torch.equal,torch.eye,torch.float64,torch.library,torch.lobpcg,torch.long,torch.manual_seed,torch.multiprocessing,torch.ops.test_ns.duplicate_reg_op,torch.prod,torch.randn,torch.tensor,torch.uint8"
165649,22,"torch.Size,torch.all,torch.as_tensor,torch.atleast_1d,torch.atleast_2d,torch.atleast_3d,torch.baddbmm,torch.distributed,torch.distributed.all_gather,torch.distributed.all_reduce,torch.distributed.broadcast,torch.distributed.reduce_scatter,torch.empty,torch.equal,torch.fmod,torch.full,torch.iinfo,torch.int64,torch.multiprocessing,torch.tile,torch.zeros,torch.zeros_like"
165749,27,"torch.Tensor,torch.all,torch.allclose,torch.any,torch.autograd.Function,torch.bool,torch.compile,torch.conv2d,torch.cuda.device_count,torch.cuda.is_available,torch.device,torch.distributed,torch.distributed.gather_object,torch.distributed.reduce,torch.equal,torch.eye,torch.library,torch.library.impl_abstract,torch.lobpcg,torch.multiprocessing,torch.nn.utils,torch.ones,torch.ops.test_weight_norm.custom_weight_norm_bwd,torch.ops.test_weight_norm.custom_weight_norm_fwd,torch.optim,torch.prod,torch.randn"
165854,22,"torch.Tensor,torch.all,torch.any,torch.compile,torch.cuda.is_available,torch.distributed,torch.distributed.reduce,torch.empty,torch.eye,torch.float16,torch.float32,torch.library,torch.library.register_fake,torch.lobpcg,torch.long,torch.manual_seed,torch.multiprocessing,torch.ops.test_dyn.dynamic_buffer_op,torch.prod,torch.randn,torch.tensor,torch.uint8"
165861,15,"torch.cuda.is_available,torch.device,torch.isnan,torch.nn,torch.nn.CosineEmbeddingLoss,torch.nn.MaxUnpool2d,torch.nn.functional,torch.nn.functional.grid_sample,torch.nn.functional.pad,torch.rand,torch.randint,torch.randn,torch.special,torch.special.gammainc,torch.special.gammaincc"
165964,14,"torch.cuda.is_available,torch.det,torch.dist,torch.eye,torch.linalg.qr,torch.linspace,torch.matrix_power,torch.norm,torch.normal,torch.ones,torch.qr,torch.randn,torch.slogdet,torch.zeros"
166042,26,"torch.allclose,torch.bfloat16,torch.compile,torch.cpu.is_avx512_supported,torch.cuda.is_available,torch.device,torch.empty,torch.full,torch.full_like,torch.manual_seed,torch.matmul,torch.nn,torch.nn.LazyConvTranspose2d,torch.nn.LazyConvTranspose3d,torch.nn.functional,torch.nn.functional.binary_cross_entropy,torch.nn.functional.binary_cross_entropy_with_logits,torch.nn.functional.cross_entropy,torch.nn.functional.embedding_bag,torch.nn.functional.kl_div,torch.nn.functional.nll_loss,torch.nn.utils,torch.nn.utils.clip_grad_norm_,torch.randint,torch.randn,torch.tensor"
166245,41,"torch.abs,torch.all,torch.allclose,torch.arange,torch.as_strided,torch.cat,torch.ceil,torch.cholesky,torch.cholesky_inverse,torch.chunk,torch.clamp,torch.compile,torch.cuda.is_available,torch.device,torch.distributed,torch.distributed.gather,torch.distributed.scatter,torch.empty,torch.equal,torch.eye,torch.float32,torch.floor,torch.full,torch.gather,torch.index_select,torch.int16,torch.int32,torch.int64,torch.long,torch.manual_seed,torch.multiprocessing,torch.randint,torch.randn,torch.round,torch.scatter_add,torch.squeeze,torch.transpose,torch.tril,torch.trunc,torch.zeros,torch.zeros_like"
166253,19,"torch.amax,torch.amin,torch.argmax,torch.argmin,torch.compile,torch.complex128,torch.equal,torch.float64,torch.fmax,torch.fmin,torch.full,torch.int64,torch.is_complex,torch.jit,torch.jit.script,torch.rand_like,torch.randint,torch.tensor,torch.trace"
166270,26,"torch.allclose,torch.as_strided,torch.chunk,torch.compile,torch.cuda.is_available,torch.distributions.constraints,torch.distributions.constraints.cat,torch.empty_strided,torch.equal,torch.float32,torch.fx,torch.fx.wrap,torch.index_select,torch.int8,torch.manual_seed,torch.nn,torch.nn.LazyLinear,torch.nn.functional,torch.nn.functional.pdist,torch.randint,torch.reshape,torch.squeeze,torch.stack,torch.tensor,torch.triu,torch.zeros_like"
166279,34,"torch.allclose,torch.arange,torch.as_strided,torch.bool,torch.bucketize,torch.cat,torch.chunk,torch.compile,torch.cuda.is_available,torch.empty,torch.empty_strided,torch.equal,torch.float,torch.float32,torch.full,torch.gather,torch.index_select,torch.int64,torch.int8,torch.logcumsumexp,torch.long,torch.manual_seed,torch.narrow,torch.nn,torch.nn.Linear,torch.nn.ModuleDict,torch.nn.functional,torch.nn.functional.pdist,torch.randint,torch.randn,torch.sort,torch.squeeze,torch.tensor,torch.triu"
166290,28,"torch.allclose,torch.as_strided,torch.chunk,torch.compile,torch.cuda.is_available,torch.device,torch.distributions,torch.distributions.constraints.cat,torch.empty_strided,torch.equal,torch.full,torch.fx,torch.fx.wrap,torch.gather,torch.index_select,torch.int64,torch.int8,torch.manual_seed,torch.nn,torch.nn.LazyLinear,torch.nn.ModuleDict,torch.nn.functional.pdist,torch.randint,torch.randn,torch.squeeze,torch.tensor,torch.triu,torch.zeros_like"
166305,32,"torch.Tensor,torch.all,torch.any,torch.autograd.Function,torch.compile,torch.cuda.is_available,torch.device,torch.distributed,torch.distributed.broadcast_object_list,torch.distributed.gather_object,torch.distributed.recv_object_list,torch.distributed.reduce,torch.distributed.send_object_list,torch.empty_like,torch.equal,torch.eye,torch.library.define,torch.library.impl,torch.library.impl_abstract,torch.library.register_fake,torch.lobpcg,torch.nn,torch.nn.Module,torch.nn.functional,torch.nn.parallel,torch.ops.test_ddp_compile.simple_double,torch.optim.SGD,torch.prod,torch.rand,torch.randn,torch.tensor,torch.zeros_like"
166319,36,"torch.Tensor,torch.all,torch.allclose,torch.any,torch.as_strided,torch.chunk,torch.compile,torch.cuda.device_count,torch.cuda.is_available,torch.cuda.set_device,torch.device,torch.distributed,torch.distributed.broadcast_object_list,torch.distributed.gather_object,torch.distributed.reduce,torch.empty,torch.equal,torch.eye,torch.float,torch.float32,torch.gather,torch.int32,torch.int64,torch.library,torch.library.define,torch.library.impl,torch.library.impl_abstract,torch.lobpcg,torch.manual_seed,torch.mul,torch.multiprocessing,torch.ops.test_ns.fuzzed_op,torch.prod,torch.randint,torch.squeeze,torch.tensor"
166888,23,"torch.Tensor,torch.all,torch.allclose,torch.any,torch.clamp,torch.compile,torch.cuda.is_available,torch.distributed,torch.distributed.broadcast_object_list,torch.distributed.gather_object,torch.empty,torch.empty_like,torch.equal,torch.eye,torch.library.Library,torch.library.impl_abstract,torch.lobpcg,torch.manual_seed,torch.multiprocessing,torch.ops.test_ns.clamp_with_item,torch.prod,torch.randn,torch.tensor"
166900,22,"torch.ByteTensor,torch.all,torch.allclose,torch.any,torch.compile,torch.distributed,torch.distributed.broadcast_object_list,torch.distributed.gather_object,torch.distributed.recv_object_list,torch.distributed.reduce,torch.equal,torch.eye,torch.library,torch.library.impl,torch.library.impl_abstract,torch.lobpcg,torch.long,torch.multiprocessing,torch.ones,torch.ops.test_lib.fn,torch.prod,torch.tensor"
167064,26,"torch.Library,torch.all,torch.allclose,torch.any,torch.compile,torch.distributed,torch.distributed.broadcast_object_list,torch.distributed.gather_object,torch.distributed.recv_object_list,torch.distributed.reduce,torch.distributions,torch.distributions.Distribution.get_default_validate_args,torch.distributions.Distribution.set_default_validate_args,torch.empty,torch.empty_like,torch.equal,torch.eye,torch.library,torch.library.impl_abstract,torch.lobpcg,torch.manual_seed,torch.multiprocessing,torch.ones,torch.prod,torch.randn,torch.tensor"
167154,20,"torch.arange,torch.as_strided,torch.backends.mps.is_available,torch.distributed,torch.distributed.isend,torch.distributions,torch.float32,torch.int,torch.nested.nested_tensor,torch.nn,torch.nn.functional.group_norm,torch.nn.functional.instance_norm,torch.nn.functional.mse_loss,torch.ones,torch.quantize_per_channel,torch.rand,torch.randn_like,torch.renorm,torch.uint8,torch.zeros"
167263,19,"torch.div,torch.einsum,torch.floor_divide,torch.isnan,torch.linalg.eigh,torch.nn,torch.nn.Linear,torch.nn.functional,torch.nn.functional.conv_transpose1d,torch.nn.functional.conv_transpose2d,torch.nn.functional.hardshrink,torch.nn.functional.softshrink,torch.nn.utils,torch.nn.utils.parameters_to_vector,torch.ones_like,torch.randint,torch.randn,torch.symeig,torch.take"
167369,18,"torch.ByteTensor,torch.all,torch.allclose,torch.compile,torch.distributed,torch.distributed.broadcast_object_list,torch.distributed.recv_object_list,torch.eye,torch.library,torch.library.impl_abstract,torch.lobpcg,torch.long,torch.multiprocessing,torch.ones,torch.ops,torch.prod,torch.randn,torch.tensor"
167639,29,"torch.Tensor,torch.all,torch.allclose,torch.any,torch.bool,torch.compile,torch.cuda.CUDAGraph,torch.cuda.device_count,torch.cuda.graph,torch.cuda.is_available,torch.cuda.set_device,torch.device,torch.distributed,torch.distributed.broadcast_object_list,torch.distributed.is_available,torch.distributed.is_nccl_available,torch.distributed.reduce,torch.empty,torch.empty_like,torch.equal,torch.full_like,torch.library,torch.lobpcg,torch.multiprocessing,torch.nn,torch.no_grad,torch.ones,torch.prod,torch.randn"
167707,29,"torch.Size,torch.Tensor,torch.allclose,torch.cuda.is_available,torch.cuda.set_device,torch.cuda.synchronize,torch.diff,torch.distributed,torch.distributed.get_global_rank,torch.distributed.irecv,torch.distributed.isend,torch.distributions,torch.distributions.constraints.dependent_property,torch.equal,torch.library,torch.library.custom_op,torch.multiprocessing,torch.nn,torch.nn.BatchNorm2d,torch.nn.BatchNorm3d,torch.profiler.ProfilerActivity.CPU,torch.profiler.ProfilerActivity.CUDA,torch.profiler.profile,torch.profiler.tensorboard_trace_handler,torch.randn,torch.sin,torch.tensor,torch.zeros,torch.zeros_like"
167716,22,"torch.allclose,torch.bmm,torch.broadcast_shapes,torch.complex64,torch.diag,torch.isfinite,torch.manual_seed,torch.mm,torch.mv,torch.nn,torch.nn.LayerNorm,torch.nn.functional,torch.nn.functional.prelu,torch.nn.functional.softshrink,torch.optim,torch.sparse.mm,torch.sparse_coo_tensor,torch.symeig,torch.t,torch.tensor,torch.transpose,torch.view_as_complex"
167727,18,"torch.addmm,torch.amax,torch.amin,torch.argmax,torch.argmin,torch.backends.mps.is_available,torch.complex64,torch.empty,torch.float32,torch.fmax,torch.fmin,torch.nn.functional,torch.nn.functional.hardshrink,torch.nn.functional.softshrink,torch.nonzero,torch.rand,torch.t,torch.testing.assert_close"
167767,22,"torch.allclose,torch.backends.mps.is_available,torch.clamp,torch.clip,torch.device,torch.diag,torch.equal,torch.inf,torch.isinf,torch.isnan,torch.isposinf,torch.kron,torch.load,torch.ones,torch.outer,torch.save,torch.tensor,torch.tril,torch.tril_indices,torch.triu_indices,torch.vander,torch.zeros"
167789,18,"torch.all,torch.allclose,torch.any,torch.compile,torch.distributed,torch.distributed.broadcast_object_list,torch.distributed.recv_object_list,torch.distributed.reduce,torch.distributed.send_object_list,torch.equal,torch.library,torch.library.impl_abstract,torch.lobpcg,torch.multiprocessing,torch.ones,torch.ops.test_recursion_lib.recursive_op,torch.prod,torch.randn"
167924,22,"torch.Tensor,torch.allclose,torch.arange,torch.backends.mps.is_available,torch.diag,torch.dist,torch.equal,torch.eye,torch.float,torch.float32,torch.isclose,torch.isnan,torch.linspace,torch.norm,torch.ones,torch.quantile,torch.sqrt,torch.std,torch.svd,torch.tensor,torch.var,torch.zeros"
167974,21,"torch.allclose,torch.equal,torch.float,torch.float32,torch.isinf,torch.isnan,torch.logaddexp2,torch.long,torch.nn,torch.nn.Conv1d,torch.nn.Conv2d,torch.nn.Conv3d,torch.nn.Embedding,torch.nn.EmbeddingBag,torch.nn.GroupNorm,torch.nn.LeakyReLU,torch.nn.RNNCell,torch.nn.functional,torch.nn.functional.instance_norm,torch.randn,torch.tensor"
168071,19,"torch.Size,torch.isnan,torch.long,torch.nn,torch.nn.CosineEmbeddingLoss,torch.nn.MSELoss,torch.nn.MaxUnpool2d,torch.nn.MaxUnpool3d,torch.nn.functional,torch.nn.functional.conv1d,torch.nn.functional.conv2d,torch.nn.functional.conv3d,torch.nn.functional.grid_sample,torch.nn.functional.pad,torch.ones,torch.randn,torch.special.gammainc,torch.special.gammaincc,torch.zeros"
168240,35,"torch.any,torch.autograd.Function,torch.cuda.is_available,torch.diag,torch.distributed,torch.empty_like,torch.export.export,torch.flatten,torch.library,torch.library.Library,torch.library.define,torch.library.impl,torch.library.opcheck,torch.library.register_fake,torch.library.register_vmap,torch.manual_seed,torch.multiprocessing,torch.nn,torch.nn.Conv2d,torch.nn.DataParallel,torch.nn.functional.adaptive_avg_pool2d,torch.nn.utils.prune,torch.nn.utils.prune.global_unstructured,torch.ones_like,torch.ops.aten.conv2d.default,torch.ops.custom_namespace.my_op,torch.ops.test_custom_lib.custom_op,torch.ops.test_ns.custom_op,torch.pca_lowrank,torch.rand,torch.randn,torch.testing.assert_close,torch.utils.checkpoint,torch.utils.checkpoint.checkpoint_sequential,torch.vmap"
168251,29,"torch.ByteTensor,torch.Size,torch.Tensor,torch.all,torch.any,torch.compile,torch.distributed,torch.distributed.broadcast_object_list,torch.distributed.gather_object,torch.distributed.send_object_list,torch.empty,torch.exp,torch.eye,torch.library,torch.library.impl_abstract,torch.load,torch.lobpcg,torch.long,torch.multiprocessing,torch.nn,torch.nn.functional,torch.no_grad,torch.ops.test_vae.forward,torch.prod,torch.randn,torch.randn_like,torch.save,torch.tensor,torch.uint8"
