file,returncode,category,generation_status,stdout,stderr
run_159974_issue_ori_data.json,1,Unknown Failure,生成失败,,"Traceback (most recent call last):
  File ""/home/ubuntu/SYAN/GRADUATE/TeRL/Step5-Evaluate/baseline/CrossProbe-master/results_single/159974_issue_ori_data.py"", line 9, in <module>
    x = torch.randn(128).to(""xpu"")
RuntimeError: PyTorch is not linked with support for xpu devices
"
run_159995_issue_ori_data.json,1,Code Generation Error,生成失败,,"  File ""<fstring>"", line 1
    (result = )
            ^
SyntaxError: invalid syntax
"
run_160034_issue_ori_data.json,1,Unknown Failure,生成失败,,"Traceback (most recent call last):
  File ""/home/ubuntu/SYAN/GRADUATE/TeRL/Step5-Evaluate/baseline/CrossProbe-master/results_single/160034_issue_ori_data.py"", line 6, in <module>
    image = torch.zeros(10, dtype=torch.complex64, device=device)
NotImplementedError: Could not run 'aten::empty.memory_format' with arguments from the 'MPS' backend. This could be because the operator doesn't exist for this backend, or was omitted during the selective/custom build process (if using custom build). If y"
run_160053_issue_ori_data.json,1,Unknown Failure,生成失败,,"Traceback (most recent call last):
  File ""/home/ubuntu/SYAN/GRADUATE/TeRL/Step5-Evaluate/baseline/CrossProbe-master/results_single/160053_issue_ori_data.py"", line 6, in <module>
    F.pad(a, (1,1), mode=""circular"")
NotImplementedError: Only 2D, 3D, 4D, 5D padding with non-constant padding are supported for now
"
run_160059_issue_ori_data.json,1,API Misuse,生成失败,,"Traceback (most recent call last):
  File ""/home/ubuntu/SYAN/GRADUATE/TeRL/Step5-Evaluate/baseline/CrossProbe-master/results_single/160059_issue_ori_data.py"", line 15, in <module>
    class Model(nn.Module):
  File ""/home/ubuntu/SYAN/GRADUATE/TeRL/Step5-Evaluate/baseline/CrossProbe-master/results_single/160059_issue_ori_data.py"", line 16, in Model
    @torch.compiler.disable(recursive=False)  # type: ignore[misc]
AttributeError: module 'torch' has no attribute 'compiler'
"
run_160069_issue_ori_data.json,1,API Misuse,生成失败,"before allocation
free: 23.13 GiB, total: 23.52 GiB
t0 allocated
free: 22.13 GiB, total: 23.52 GiB
","Traceback (most recent call last):
  File ""/home/ubuntu/SYAN/GRADUATE/TeRL/Step5-Evaluate/baseline/CrossProbe-master/results_single/160069_issue_ori_data.py"", line 25, in <module>
    mpool = torch.cuda.MemPool()
AttributeError: module 'torch.cuda' has no attribute 'MemPool'
"
run_160074_issue_ori_data.json,1,Missing Dependency,执行失败,,"Traceback (most recent call last):
  File ""/home/ubuntu/SYAN/GRADUATE/TeRL/Step5-Evaluate/baseline/CrossProbe-master/results_single/160074_issue_ori_data.py"", line 4, in <module>
    from torch.nn.attention.flex_attention import flex_attention
ModuleNotFoundError: No module named 'torch.nn.attention'
"
run_160077_issue_ori_data.json,1,API Misuse,生成失败,,"Traceback (most recent call last):
  File ""/home/ubuntu/SYAN/GRADUATE/TeRL/Step5-Evaluate/baseline/CrossProbe-master/results_single/160077_issue_ori_data.py"", line 22, in <module>
    with torch.device(""cuda""):
AttributeError: __enter__
"
run_160084_issue_ori_data.json,1,Unknown Failure,生成失败,,"Traceback (most recent call last):
  File ""/home/ubuntu/SYAN/GRADUATE/TeRL/Step5-Evaluate/baseline/CrossProbe-master/results_single/160084_issue_ori_data.py"", line 3, in <module>
    class RegressionModel(torch.nn.Module):
NameError: name 'torch' is not defined
"
run_160197_issue_ori_data.json,0,Success,生成成功,"1.13.1+cu116
0 tensor(5.3941e-11, grad_fn=<MeanBackward0>)
1 tensor(5.3941e-11, grad_fn=<MeanBackward0>)
2 tensor(5.3941e-11, grad_fn=<MeanBackward0>)
3 tensor(5.3941e-11, grad_fn=<MeanBackward0>)
4 tensor(5.3941e-11, grad_fn=<MeanBackward0>)
5 tensor(5.3941e-11, grad_fn=<MeanBackward0>)
6 tensor(5.3941e-11, grad_fn=<MeanBackward0>)
7 tensor(5.3941e-11, grad_fn=<MeanBackward0>)
8 tensor(5.3941e-11, grad_fn=<MeanBackward0>)
9 tensor(5.3941e-11, grad_fn=<MeanBackward0>)
10 tensor(5.3941e-11, grad_",
run_160317_issue_ori_data.json,0,Success,生成成功,,
run_160332_issue_ori_data.json,1,Unknown Failure,生成失败,,"Traceback (most recent call last):
  File ""/home/ubuntu/SYAN/GRADUATE/TeRL/Step5-Evaluate/baseline/CrossProbe-master/results_single/160332_issue_ori_data.py"", line 8, in <module>
    with torch.amp.autocast(device_type=device.type):
  File ""/home/ubuntu/miniconda3/envs/TeRL-Running/lib/python3.7/site-packages/torch/amp/autocast_mode.py"", line 199, in __init__
    raise RuntimeError('User specified autocast device_type must be \'cuda\' or \'cpu\'')
RuntimeError: User specified autocast device_typ"
run_160409_issue_ori_data.json,1,Unknown Failure,生成失败,,"Traceback (most recent call last):
  File ""/home/ubuntu/SYAN/GRADUATE/TeRL/Step5-Evaluate/baseline/CrossProbe-master/results_single/160409_issue_ori_data.py"", line 3, in <module>
    TestFlexAttention.test_builtin_score_mods_different_block_size_bfloat16_score_mod5_BLOCK_SIZE2
NameError: name 'TestFlexAttention' is not defined
"
run_160437_issue_ori_data.json,1,API Misuse,生成失败,,"Traceback (most recent call last):
  File ""/home/ubuntu/SYAN/GRADUATE/TeRL/Step5-Evaluate/baseline/CrossProbe-master/results_single/160437_issue_ori_data.py"", line 6, in <module>
    @torch.compile(backend=""eager"")
AttributeError: module 'torch' has no attribute 'compile'
"
run_160495_issue_ori_data.json,1,Missing Dependency,执行失败,,"Traceback (most recent call last):
  File ""/home/ubuntu/SYAN/GRADUATE/TeRL/Step5-Evaluate/baseline/CrossProbe-master/results_single/160495_issue_ori_data.py"", line 6, in <module>
    from torch._inductor import config
ModuleNotFoundError: No module named 'torch._inductor'
"
run_160513_issue_ori_data.json,1,API Misuse,生成失败,"1.13.1+cu116
","Traceback (most recent call last):
  File ""/home/ubuntu/SYAN/GRADUATE/TeRL/Step5-Evaluate/baseline/CrossProbe-master/results_single/160513_issue_ori_data.py"", line 18, in <module>
    torch.func.jacfwd(test)(torch.rand(5, **fargs))
AttributeError: module 'torch' has no attribute 'func'
"
run_160520_issue_ori_data.json,1,Missing Dependency,执行失败,,"Traceback (most recent call last):
  File ""/home/ubuntu/SYAN/GRADUATE/TeRL/Step5-Evaluate/baseline/CrossProbe-master/results_single/160520_issue_ori_data.py"", line 4, in <module>
    import torch._inductor.config as config
ModuleNotFoundError: No module named 'torch._inductor'
"
run_160535_issue_ori_data.json,1,Missing Dependency,执行失败,,"Traceback (most recent call last):
  File ""/home/ubuntu/SYAN/GRADUATE/TeRL/Step5-Evaluate/baseline/CrossProbe-master/results_single/160535_issue_ori_data.py"", line 33, in <module>
    import torch._inductor.inductor_prims
ModuleNotFoundError: No module named 'torch._inductor'
"
run_160547_issue_ori_data.json,0,Success,生成成功,,
run_160612_issue_ori_data.json,0,Success,生成成功,,
run_160630_issue_ori_data.json,1,Unknown Failure,生成失败,,"Traceback (most recent call last):
  File ""/home/ubuntu/SYAN/GRADUATE/TeRL/Step5-Evaluate/baseline/CrossProbe-master/results_single/160630_issue_ori_data.py"", line 4, in <module>
    out_tensor = torch.zeros_like(quant_input)  # <-- This triggers the error
NameError: name 'torch' is not defined
"
run_160646_issue_ori_data.json,1,Missing Dependency,执行失败,,"Traceback (most recent call last):
  File ""/home/ubuntu/SYAN/GRADUATE/TeRL/Step5-Evaluate/baseline/CrossProbe-master/results_single/160646_issue_ori_data.py"", line 6, in <module>
    import triton
ModuleNotFoundError: No module named 'triton'
"
run_160730_issue_ori_data.json,1,API Misuse,生成失败,,"Traceback (most recent call last):
  File ""/home/ubuntu/SYAN/GRADUATE/TeRL/Step5-Evaluate/baseline/CrossProbe-master/results_single/160730_issue_ori_data.py"", line 6, in <module>
    torch._dynamo.config.capture_scalar_outputs = True
AttributeError: module 'torch' has no attribute '_dynamo'
"
run_160737_issue_ori_data.json,1,Unknown Failure,生成失败,"index_select test succeeds for device: cpu. output shape: torch.Size([1, 3])
","Traceback (most recent call last):
  File ""/home/ubuntu/SYAN/GRADUATE/TeRL/Step5-Evaluate/baseline/CrossProbe-master/results_single/160737_issue_ori_data.py"", line 15, in <module>
    test_index_select(device = ""mps"")
  File ""/home/ubuntu/SYAN/GRADUATE/TeRL/Step5-Evaluate/baseline/CrossProbe-master/results_single/160737_issue_ori_data.py"", line 6, in test_index_select
    x = torch.ones([2, 3], device=device)
NotImplementedError: Could not run 'aten::empty.memory_format' with arguments from the "
run_160738_issue_ori_data.json,1,Unknown Failure,生成失败,"var test succeeds for device: cpu. output: nan
","Traceback (most recent call last):
  File ""/home/ubuntu/SYAN/GRADUATE/TeRL/Step5-Evaluate/baseline/CrossProbe-master/results_single/160738_issue_ori_data.py"", line 14, in <module>
    test_var(device = ""mps"")
  File ""/home/ubuntu/SYAN/GRADUATE/TeRL/Step5-Evaluate/baseline/CrossProbe-master/results_single/160738_issue_ori_data.py"", line 6, in test_var
    x = torch.tensor(3.0, device=device)
RuntimeError: PyTorch is not linked with support for mps devices
"
run_160743_issue_ori_data.json,1,Unknown Failure,生成失败,,"Traceback (most recent call last):
  File ""/home/ubuntu/SYAN/GRADUATE/TeRL/Step5-Evaluate/baseline/CrossProbe-master/results_single/160743_issue_ori_data.py"", line 9, in <module>
    out_mps = model(x.to(""mps""))
RuntimeError: PyTorch is not linked with support for mps devices
"
run_160751_issue_ori_data.json,1,API Misuse,生成失败,,"Traceback (most recent call last):
  File ""/home/ubuntu/SYAN/GRADUATE/TeRL/Step5-Evaluate/baseline/CrossProbe-master/results_single/160751_issue_ori_data.py"", line 18, in <module>
    test_fn()
  File ""/home/ubuntu/SYAN/GRADUATE/TeRL/Step5-Evaluate/baseline/CrossProbe-master/results_single/160751_issue_ori_data.py"", line 14, in test_fn
    torch._dynamo.reset()
AttributeError: module 'torch' has no attribute '_dynamo'
"
run_160752_issue_ori_data.json,1,API Misuse,生成失败,,"Traceback (most recent call last):
  File ""/home/ubuntu/SYAN/GRADUATE/TeRL/Step5-Evaluate/baseline/CrossProbe-master/results_single/160752_issue_ori_data.py"", line 21, in <module>
    out = jacfunc(x, idxs)
  File ""/home/ubuntu/SYAN/GRADUATE/TeRL/Step5-Evaluate/baseline/CrossProbe-master/results_single/160752_issue_ori_data.py"", line 14, in jacfunc
    return torch.func.jacfwd(func, argnums=(0,))(x, idxs)
AttributeError: module 'torch' has no attribute 'func'
"
run_160761_issue_ori_data.json,1,Unknown Failure,生成失败,,"Traceback (most recent call last):
  File ""/home/ubuntu/miniconda3/envs/TeRL-Running/lib/python3.7/site-packages/transformers/configuration_utils.py"", line 609, in _get_config_dict
    user_agent=user_agent,
  File ""/home/ubuntu/miniconda3/envs/TeRL-Running/lib/python3.7/site-packages/transformers/utils/hub.py"", line 292, in cached_path
    local_files_only=local_files_only,
  File ""/home/ubuntu/miniconda3/envs/TeRL-Running/lib/python3.7/site-packages/transformers/utils/hub.py"", line 479, in get"
run_160804_issue_ori_data.json,0,Success,生成成功,"CUDA Available: True
GPU Count: 3
",
run_160840_issue_ori_data.json,1,API Misuse,生成失败,,"Traceback (most recent call last):
  File ""/home/ubuntu/SYAN/GRADUATE/TeRL/Step5-Evaluate/baseline/CrossProbe-master/results_single/160840_issue_ori_data.py"", line 7, in <module>
    torch._inductor.config.fallback_random=True
AttributeError: module 'torch' has no attribute '_inductor'
"
run_160841_issue_ori_data.json,1,Unknown Failure,生成失败,,"Traceback (most recent call last):
  File ""/home/ubuntu/miniconda3/envs/TeRL-Running/lib/python3.7/site-packages/transformers/configuration_utils.py"", line 609, in _get_config_dict
    user_agent=user_agent,
  File ""/home/ubuntu/miniconda3/envs/TeRL-Running/lib/python3.7/site-packages/transformers/utils/hub.py"", line 292, in cached_path
    local_files_only=local_files_only,
  File ""/home/ubuntu/miniconda3/envs/TeRL-Running/lib/python3.7/site-packages/transformers/utils/hub.py"", line 479, in get"
run_160845_issue_ori_data.json,1,Unknown Failure,生成失败,,"Traceback (most recent call last):
  File ""/home/ubuntu/SYAN/GRADUATE/TeRL/Step5-Evaluate/baseline/CrossProbe-master/results_single/160845_issue_ori_data.py"", line 13, in <module>
    t_mps = torch.zeros(shape, dtype=torch.complex64, device=device)
NotImplementedError: Could not run 'aten::empty.memory_format' with arguments from the 'MPS' backend. This could be because the operator doesn't exist for this backend, or was omitted during the selective/custom build process (if using custom build). "
run_160868_issue_ori_data.json,1,API Misuse,生成失败,"[eager] OK, output shape: (0,)
","Traceback (most recent call last):
  File ""/home/ubuntu/SYAN/GRADUATE/TeRL/Step5-Evaluate/baseline/CrossProbe-master/results_single/160868_issue_ori_data.py"", line 48, in <module>
    run_compiled_aot_eager()
  File ""/home/ubuntu/SYAN/GRADUATE/TeRL/Step5-Evaluate/baseline/CrossProbe-master/results_single/160868_issue_ori_data.py"", line 33, in run_compiled_aot_eager
    m_compiled = torch.compile(m, backend=""aot_eager"")
AttributeError: module 'torch' has no attribute 'compile'
"
run_160882_issue_ori_data.json,1,API Misuse,生成失败,,"Traceback (most recent call last):
  File ""/home/ubuntu/SYAN/GRADUATE/TeRL/Step5-Evaluate/baseline/CrossProbe-master/results_single/160882_issue_ori_data.py"", line 17, in <module>
    compiled = torch.compile(f, fullgraph=True)
AttributeError: module 'torch' has no attribute 'compile'
"
run_160901_issue_ori_data.json,1,API Misuse,生成失败,,"Traceback (most recent call last):
  File ""/home/ubuntu/SYAN/GRADUATE/TeRL/Step5-Evaluate/baseline/CrossProbe-master/results_single/160901_issue_ori_data.py"", line 15, in <module>
    @torch.compile
AttributeError: module 'torch' has no attribute 'compile'
"
run_160964_issue_ori_data.json,1,Unknown Failure,生成失败,,"Traceback (most recent call last):
  File ""/home/ubuntu/SYAN/GRADUATE/TeRL/Step5-Evaluate/baseline/CrossProbe-master/results_single/160964_issue_ori_data.py"", line 3, in <module>
    buckets = torch.arange(10, device=""cuda"")
NameError: name 'torch' is not defined
"
run_161010_issue_ori_data.json,1,API Misuse,生成失败,"tensor([1.])
","Traceback (most recent call last):
  File ""/home/ubuntu/SYAN/GRADUATE/TeRL/Step5-Evaluate/baseline/CrossProbe-master/results_single/161010_issue_ori_data.py"", line 16, in <module>
    res2 = torch.compile(f)(A, torch.zeros(1))
AttributeError: module 'torch' has no attribute 'compile'
"
run_161070_issue_ori_data.json,1,Unknown Failure,生成失败,,"Traceback (most recent call last):
  File ""/home/ubuntu/miniconda3/envs/TeRL-Running/lib/python3.7/site-packages/transformers/configuration_utils.py"", line 609, in _get_config_dict
    user_agent=user_agent,
  File ""/home/ubuntu/miniconda3/envs/TeRL-Running/lib/python3.7/site-packages/transformers/utils/hub.py"", line 292, in cached_path
    local_files_only=local_files_only,
  File ""/home/ubuntu/miniconda3/envs/TeRL-Running/lib/python3.7/site-packages/transformers/utils/hub.py"", line 479, in get"
run_161116_issue_ori_data.json,1,Unknown Failure,生成失败,,"Traceback (most recent call last):
  File ""/home/ubuntu/SYAN/GRADUATE/TeRL/Step5-Evaluate/baseline/CrossProbe-master/results_single/161116_issue_ori_data.py"", line 17, in <module>
    main()
  File ""/home/ubuntu/SYAN/GRADUATE/TeRL/Step5-Evaluate/baseline/CrossProbe-master/results_single/161116_issue_ori_data.py"", line 7, in main
    gpu_id = int(os.environ[""LOCAL_RANK""])
  File ""/home/ubuntu/miniconda3/envs/TeRL-Running/lib/python3.7/os.py"", line 678, in __getitem__
    raise KeyError(key) from "
run_161139_issue_ori_data.json,1,Unknown Failure,生成失败,,"Traceback (most recent call last):
  File ""/home/ubuntu/SYAN/GRADUATE/TeRL/Step5-Evaluate/baseline/CrossProbe-master/results_single/161139_issue_ori_data.py"", line 9, in <module>
    t = torch.empty([514*MB], dtype=torch.int8, device='cuda')
  File ""/home/ubuntu/miniconda3/envs/TeRL-Running/lib/python3.7/site-packages/torch/cuda/__init__.py"", line 229, in _lazy_init
    torch._C._cuda_init()
RuntimeError: stoi
"
run_161186_issue_ori_data.json,0,Success,生成成功,"0 8.0 MiB
1 8.0 MiB
2 8.0 MiB
3 8.0 MiB
4 8.0 MiB
5 8.0 MiB
6 8.0 MiB
7 8.0 MiB
8 8.0 MiB
9 8.0 MiB
10 8.0 MiB
11 8.0 MiB
12 8.0 MiB
13 8.0 MiB
14 8.0 MiB
15 8.0 MiB
16 8.0 MiB
17 8.0 MiB
18 8.0 MiB
19 8.0 MiB
20 8.0 MiB
21 8.0 MiB
22 8.0 MiB
23 8.0 MiB
24 8.0 MiB
25 8.0 MiB
26 8.0 MiB
27 8.0 MiB
28 8.0 MiB
29 8.0 MiB
30 8.0 MiB
31 8.0 MiB
32 8.0 MiB
33 8.0 MiB
34 8.0 MiB
35 8.0 MiB
36 8.0 MiB
37 8.0 MiB
38 8.0 MiB
39 8.0 MiB
40 8.0 MiB
41 8.0 MiB
42 8.0 MiB
43 8.0 MiB
44 8.0 MiB
45 8.0 MiB
46 8",
run_161256_issue_ori_data.json,0,Success,生成成功,"tensor(44.7694, device='cuda:0')
",
run_161265_issue_ori_data.json,1,Unknown Failure,生成失败,,"Traceback (most recent call last):
  File ""/home/ubuntu/SYAN/GRADUATE/TeRL/Step5-Evaluate/baseline/CrossProbe-master/results_single/161265_issue_ori_data.py"", line 4, in <module>
    a = torch.ones(2, (1 << 31) + 5, dtype=torch.int8, device='mps')
NotImplementedError: Could not run 'aten::empty.memory_format' with arguments from the 'MPS' backend. This could be because the operator doesn't exist for this backend, or was omitted during the selective/custom build process (if using custom build). I"
run_161318_issue_ori_data.json,1,API Misuse,生成失败,,"Traceback (most recent call last):
  File ""/home/ubuntu/SYAN/GRADUATE/TeRL/Step5-Evaluate/baseline/CrossProbe-master/results_single/161318_issue_ori_data.py"", line 5, in <module>
    @torch.compile(fullgraph=True)
AttributeError: module 'torch' has no attribute 'compile'
"
run_161361_issue_ori_data.json,1,Missing Dependency,执行失败,,"Traceback (most recent call last):
  File ""/home/ubuntu/SYAN/GRADUATE/TeRL/Step5-Evaluate/baseline/CrossProbe-master/results_single/161361_issue_ori_data.py"", line 5, in <module>
    import torchvision
  File ""/home/ubuntu/miniconda3/envs/TeRL-Running/lib/python3.7/site-packages/torchvision/__init__.py"", line 5, in <module>
    from torchvision import datasets, io, models, ops, transforms, utils
  File ""/home/ubuntu/miniconda3/envs/TeRL-Running/lib/python3.7/site-packages/torchvision/models/__in"
run_161391_issue_ori_data.json,1,Missing Dependency,执行失败,,"Traceback (most recent call last):
  File ""/home/ubuntu/SYAN/GRADUATE/TeRL/Step5-Evaluate/baseline/CrossProbe-master/results_single/161391_issue_ori_data.py"", line 5, in <module>
    import gc, psutil
ModuleNotFoundError: No module named 'psutil'
"
run_161393_issue_ori_data.json,1,API Misuse,生成失败,,"Traceback (most recent call last):
  File ""/home/ubuntu/SYAN/GRADUATE/TeRL/Step5-Evaluate/baseline/CrossProbe-master/results_single/161393_issue_ori_data.py"", line 5, in <module>
    torch._dynamo.config.capture_scalar_outputs = True
AttributeError: module 'torch' has no attribute '_dynamo'
"
run_161415_issue_ori_data.json,1,Assertion Mismatch,生成成功，并且找到错误,,"Traceback (most recent call last):
  File ""/home/ubuntu/SYAN/GRADUATE/TeRL/Step5-Evaluate/baseline/CrossProbe-master/results_single/161415_issue_ori_data.py"", line 7, in <module>
    assert input_tensor.stride() == output_tensor.stride()
AssertionError
"
run_161457_issue_ori_data.json,0,Success,生成成功,,
run_161518_issue_ori_data.json,1,Missing Dependency,执行失败,,"Traceback (most recent call last):
  File ""/home/ubuntu/SYAN/GRADUATE/TeRL/Step5-Evaluate/baseline/CrossProbe-master/results_single/161518_issue_ori_data.py"", line 4, in <module>
    import triton
ModuleNotFoundError: No module named 'triton'
"
run_161542_issue_ori_data.json,1,API Misuse,生成失败,,"Traceback (most recent call last):
  File ""/home/ubuntu/SYAN/GRADUATE/TeRL/Step5-Evaluate/baseline/CrossProbe-master/results_single/161542_issue_ori_data.py"", line 20, in <module>
    torch.compile(fn, backend=""eager"")(torch.ones(3))
AttributeError: module 'torch' has no attribute 'compile'
"
run_161562_issue_ori_data.json,1,API Misuse,生成失败,,"Traceback (most recent call last):
  File ""/home/ubuntu/SYAN/GRADUATE/TeRL/Step5-Evaluate/baseline/CrossProbe-master/results_single/161562_issue_ori_data.py"", line 5, in <module>
    @torch.compile(backend=""eager"", fullgraph=True)
AttributeError: module 'torch' has no attribute 'compile'
"
run_161563_issue_ori_data.json,1,Unknown Failure,生成失败,,"Traceback (most recent call last):
  File ""/home/ubuntu/miniconda3/envs/TeRL-Running/lib/python3.7/site-packages/transformers/configuration_utils.py"", line 609, in _get_config_dict
    user_agent=user_agent,
  File ""/home/ubuntu/miniconda3/envs/TeRL-Running/lib/python3.7/site-packages/transformers/utils/hub.py"", line 292, in cached_path
    local_files_only=local_files_only,
  File ""/home/ubuntu/miniconda3/envs/TeRL-Running/lib/python3.7/site-packages/transformers/utils/hub.py"", line 479, in get"
run_161610_issue_ori_data.json,1,API Misuse,生成失败,"
Testing NamedTuple with __setattr__:
NamedTuple __setattr__ result: 4.0

Testing NamedTuple with __setattr__:
","Traceback (most recent call last):
  File ""/home/ubuntu/SYAN/GRADUATE/TeRL/Step5-Evaluate/baseline/CrossProbe-master/results_single/161610_issue_ori_data.py"", line 26, in <module>
    setattr_result = torch.compile(fn, backend=""eager"")(extended_tup)
AttributeError: module 'torch' has no attribute 'compile'
"
run_161611_issue_ori_data.json,1,Unknown Failure,生成失败,,"Traceback (most recent call last):
  File ""/home/ubuntu/SYAN/GRADUATE/TeRL/Step5-Evaluate/baseline/CrossProbe-master/results_single/161611_issue_ori_data.py"", line 3, in <module>
    attn_bias = torch.zeros(L, S, dtype=query.dtype, device=query.device)  # Already query.dtype
NameError: name 'torch' is not defined
"
run_161618_issue_ori_data.json,1,Missing Dependency,执行失败,,"Traceback (most recent call last):
  File ""/home/ubuntu/SYAN/GRADUATE/TeRL/Step5-Evaluate/baseline/CrossProbe-master/results_single/161618_issue_ori_data.py"", line 3, in <module>
    import triton
ModuleNotFoundError: No module named 'triton'
"
run_161638_issue_ori_data.json,1,Code Generation Error,生成失败,,"  File ""<fstring>"", line 1
    (y=)
      ^
SyntaxError: invalid syntax
"
run_161729_issue_ori_data.json,1,API Misuse,生成失败,,"Traceback (most recent call last):
  File ""/home/ubuntu/SYAN/GRADUATE/TeRL/Step5-Evaluate/baseline/CrossProbe-master/results_single/161729_issue_ori_data.py"", line 7, in <module>
    torch.set_default_device(""cuda"")
AttributeError: module 'torch' has no attribute 'set_default_device'
"
run_161735_issue_ori_data.json,1,Environment Failure,生成失败,,"Traceback (most recent call last):
  File ""/home/ubuntu/SYAN/GRADUATE/TeRL/Step5-Evaluate/baseline/CrossProbe-master/results_single/161735_issue_ori_data.py"", line 4, in <module>
    import torch._dynamo
ModuleNotFoundError: No module named 'torch._dynamo'
"
run_161763_issue_ori_data.json,1,API Misuse,生成失败,"input: tensor([[ 1.5410, -0.2934],
        [-2.1788,  0.5684]])
","Traceback (most recent call last):
  File ""/home/ubuntu/SYAN/GRADUATE/TeRL/Step5-Evaluate/baseline/CrossProbe-master/results_single/161763_issue_ori_data.py"", line 18, in <module>
    cfoo = torch.compile(foo)
AttributeError: module 'torch' has no attribute 'compile'
"
run_161812_issue_ori_data.json,1,API Misuse,生成失败,,"Traceback (most recent call last):
  File ""/home/ubuntu/SYAN/GRADUATE/TeRL/Step5-Evaluate/baseline/CrossProbe-master/results_single/161812_issue_ori_data.py"", line 4, in <module>
    x = th.nested.nested_tensor([th.ones(3, 2, 3), th.ones(4, 2, 3)], layout=th.jagged)
AttributeError: module 'torch' has no attribute 'jagged'
"
run_161818_issue_ori_data.json,1,API Misuse,生成失败,,"Traceback (most recent call last):
  File ""/home/ubuntu/SYAN/GRADUATE/TeRL/Step5-Evaluate/baseline/CrossProbe-master/results_single/161818_issue_ori_data.py"", line 13, in <module>
    nopad = torch.nested.narrow(out, dim=1, start=0, length=lengths, layout=torch.jagged).contiguous().values()
AttributeError: module 'torch.nested' has no attribute 'narrow'
"
run_161822_issue_ori_data.json,0,Success,生成成功,"11.549233640550938
",
run_161871_issue_ori_data.json,1,Unknown Failure,生成失败,"1.13.1+cu116
","Traceback (most recent call last):
  File ""/home/ubuntu/SYAN/GRADUATE/TeRL/Step5-Evaluate/baseline/CrossProbe-master/results_single/161871_issue_ori_data.py"", line 10, in <module>
    torch.Tensor.mvlgamma_(*input[0],**input[1])
RuntimeError: step must be nonzero
"
run_161875_issue_ori_data.json,-11,Environment Failure,生成失败,,"/home/ubuntu/miniconda3/envs/TeRL-Running/lib/python3.7/site-packages/torch/nn/modules/lazy.py:180: UserWarning: Lazy modules are a new feature under heavy development so changes to the API or functionality can happen at any moment.
  warnings.warn('Lazy modules are a new feature under heavy development '
"
run_161877_issue_ori_data.json,-8,Unknown Failure,生成失败,,
run_161888_issue_ori_data.json,1,Unknown Failure,生成失败,"1.13.1+cu116
","Traceback (most recent call last):
  File ""/home/ubuntu/SYAN/GRADUATE/TeRL/Step5-Evaluate/baseline/CrossProbe-master/results_single/161888_issue_ori_data.py"", line 20, in <module>
    r2 = r1(*input[2],**input[3])
  File ""/home/ubuntu/miniconda3/envs/TeRL-Running/lib/python3.7/site-packages/torch/nn/modules/module.py"", line 1194, in _call_impl
    return forward_call(*input, **kwargs)
  File ""/home/ubuntu/miniconda3/envs/TeRL-Running/lib/python3.7/site-packages/torch/nn/modules/pooling.py"", line"
run_161904_issue_ori_data.json,1,Missing Dependency,执行失败,,"Traceback (most recent call last):
  File ""/home/ubuntu/SYAN/GRADUATE/TeRL/Step5-Evaluate/baseline/CrossProbe-master/results_single/161904_issue_ori_data.py"", line 10, in <module>
    from torch.distributed.device_mesh import init_device_mesh
ModuleNotFoundError: No module named 'torch.distributed.device_mesh'
"
run_161905_issue_ori_data.json,1,Missing Dependency,执行失败,,"Traceback (most recent call last):
  File ""/home/ubuntu/SYAN/GRADUATE/TeRL/Step5-Evaluate/baseline/CrossProbe-master/results_single/161905_issue_ori_data.py"", line 8, in <module>
    from torchvision.models.resnet import resnet18
  File ""/home/ubuntu/miniconda3/envs/TeRL-Running/lib/python3.7/site-packages/torchvision/__init__.py"", line 5, in <module>
    from torchvision import datasets, io, models, ops, transforms, utils
  File ""/home/ubuntu/miniconda3/envs/TeRL-Running/lib/python3.7/site-pack"
run_161906_issue_ori_data.json,1,Unknown Failure,生成失败,,"Traceback (most recent call last):
  File ""/home/ubuntu/SYAN/GRADUATE/TeRL/Step5-Evaluate/baseline/CrossProbe-master/results_single/161906_issue_ori_data.py"", line 42, in <module>
    main()
  File ""/home/ubuntu/SYAN/GRADUATE/TeRL/Step5-Evaluate/baseline/CrossProbe-master/results_single/161906_issue_ori_data.py"", line 33, in main
    z_eager = m(x)
  File ""/home/ubuntu/miniconda3/envs/TeRL-Running/lib/python3.7/site-packages/torch/nn/modules/module.py"", line 1194, in _call_impl
    return forwar"
run_161944_issue_ori_data.json,1,API Misuse,生成失败,,"Traceback (most recent call last):
  File ""/home/ubuntu/SYAN/GRADUATE/TeRL/Step5-Evaluate/baseline/CrossProbe-master/results_single/161944_issue_ori_data.py"", line 4, in <module>
    torch.set_default_device('cuda') 
AttributeError: module 'torch' has no attribute 'set_default_device'
"
run_161948_issue_ori_data.json,1,Missing Dependency,执行失败,,"Traceback (most recent call last):
  File ""/home/ubuntu/SYAN/GRADUATE/TeRL/Step5-Evaluate/baseline/CrossProbe-master/results_single/161948_issue_ori_data.py"", line 6, in <module>
    import matplotlib.pyplot as plt
ModuleNotFoundError: No module named 'matplotlib'
"
run_161969_issue_ori_data.json,1,Unknown Failure,生成失败,,"Traceback (most recent call last):
  File ""/home/ubuntu/SYAN/GRADUATE/TeRL/Step5-Evaluate/baseline/CrossProbe-master/results_single/161969_issue_ori_data.py"", line 22, in <module>
    data = torch.zeros((2, 5, 3), device=device, dtype=dtype)
NotImplementedError: Could not run 'aten::empty.memory_format' with arguments from the 'MPS' backend. This could be because the operator doesn't exist for this backend, or was omitted during the selective/custom build process (if using custom build). If you "
run_162049_issue_ori_data.json,1,API Misuse,生成失败,,"Traceback (most recent call last):
  File ""/home/ubuntu/SYAN/GRADUATE/TeRL/Step5-Evaluate/baseline/CrossProbe-master/results_single/162049_issue_ori_data.py"", line 7, in <module>
    layout=torch.jagged,
AttributeError: module 'torch' has no attribute 'jagged'
"
run_162061_issue_ori_data.json,1,Missing Dependency,执行失败,,"Traceback (most recent call last):
  File ""/home/ubuntu/SYAN/GRADUATE/TeRL/Step5-Evaluate/baseline/CrossProbe-master/results_single/162061_issue_ori_data.py"", line 5, in <module>
    import onnx
ModuleNotFoundError: No module named 'onnx'
"
run_162064_issue_ori_data.json,0,Success,生成成功,"input_tensor
tensor([[1., 2., 3.],
        [2., 3., 4.],
        [3., 4., 5.]])
CPU Output:
tensor([[ 1.0000e+00,  2.2495e+08, -6.3735e+08],
        [-0.0000e+00, -4.4989e+08,  1.2747e+09],
        [-0.0000e+00,  2.2495e+08, -6.3735e+08]])
input_tensor
tensor([[1., 2., 3.],
        [2., 3., 4.],
        [3., 4., 5.]], device='cuda:0')

GPU Output:
tensor([[ 1.0000e+00,  2.7874e+10, -7.8977e+10],
        [-0.0000e+00, -5.5749e+10,  1.5795e+11],
        [-0.0000e+00,  2.7874e+10, -7.8977e+10]], de",
run_162065_issue_ori_data.json,0,Success,生成成功,"input_tensor: 
tensor([[1., 2., 3.],
        [3., 2., 1.],
        [1., 1., 1.]])
CPU Pseudo-inverse:
tensor([[ -2813543.5000,  -2813543.7500,  11254176.0000],
        [  5627084.5000,   5627086.0000, -22508342.0000],
        [ -2813542.5000,  -2813543.5000,  11254173.0000]])
input_tensor_gpu: 
tensor([[1., 2., 3.],
        [3., 2., 1.],
        [1., 1., 1.]], device='cuda:0')

GPU Pseudo-inverse:
tensor([[  2916295.7500,   2916296.7500, -11665186.0000],
        [ -5832592.0000,  -5832593.0000, ",
run_162110_issue_ori_data.json,1,Missing Dependency,执行失败,,"Traceback (most recent call last):
  File ""/home/ubuntu/SYAN/GRADUATE/TeRL/Step5-Evaluate/baseline/CrossProbe-master/results_single/162110_issue_ori_data.py"", line 5, in <module>
    import torchvision.models as models
  File ""/home/ubuntu/miniconda3/envs/TeRL-Running/lib/python3.7/site-packages/torchvision/__init__.py"", line 5, in <module>
    from torchvision import datasets, io, models, ops, transforms, utils
  File ""/home/ubuntu/miniconda3/envs/TeRL-Running/lib/python3.7/site-packages/torchv"
run_162129_issue_ori_data.json,1,Missing Dependency,执行失败,,"Traceback (most recent call last):
  File ""/home/ubuntu/SYAN/GRADUATE/TeRL/Step5-Evaluate/baseline/CrossProbe-master/results_single/162129_issue_ori_data.py"", line 6, in <module>
    from torch.distributed._distributed_c10d import FakeProcessGroup
ModuleNotFoundError: No module named 'torch.distributed._distributed_c10d'
"
run_162146_issue_ori_data.json,1,API Misuse,生成失败,,"Traceback (most recent call last):
  File ""/home/ubuntu/SYAN/GRADUATE/TeRL/Step5-Evaluate/baseline/CrossProbe-master/results_single/162146_issue_ori_data.py"", line 16, in <module>
    cfoo = torch.compile(foo)
AttributeError: module 'torch' has no attribute 'compile'
"
run_162147_issue_ori_data.json,1,Unknown Failure,生成失败,,"Traceback (most recent call last):
  File ""/home/ubuntu/SYAN/GRADUATE/TeRL/Step5-Evaluate/baseline/CrossProbe-master/results_single/162147_issue_ori_data.py"", line 3, in <module>
    class FastLearnedCellX3(nn.Module):
NameError: name 'nn' is not defined
"
run_162156_issue_ori_data.json,1,Unknown Failure,生成失败,,"Traceback (most recent call last):
  File ""/home/ubuntu/SYAN/GRADUATE/TeRL/Step5-Evaluate/baseline/CrossProbe-master/results_single/162156_issue_ori_data.py"", line 3, in <module>
    device = torch.device(""cuda"")
NameError: name 'torch' is not defined
"
run_162228_issue_ori_data.json,1,Missing Dependency,执行失败,,"Traceback (most recent call last):
  File ""/home/ubuntu/SYAN/GRADUATE/TeRL/Step5-Evaluate/baseline/CrossProbe-master/results_single/162228_issue_ori_data.py"", line 4, in <module>
    from torch.nn.attention.flex_attention import flex_attention
ModuleNotFoundError: No module named 'torch.nn.attention'
"
run_162242_issue_ori_data.json,0,Success,生成成功,"Test 1/1000
Test 2/1000
Test 3/1000
Test 4/1000
Test 5/1000
Test 6/1000
Test 7/1000
Test 8/1000
Test 9/1000
Test 10/1000
Test 11/1000
Test 12/1000
Test 13/1000
Test 14/1000
Test 15/1000
Test 16/1000
Test 17/1000
Test 18/1000
Test 19/1000
Test 20/1000
Test 21/1000
Test 22/1000
Test 23/1000
Test 24/1000
Test 25/1000
Test 26/1000
Test 27/1000
Test 28/1000
Test 29/1000
Test 30/1000
Test 31/1000
Test 32/1000
Test 33/1000
Test 34/1000
Test 35/1000
Test 36/1000
Test 37/1000
Test 38/1000
Test 39/1000
Te",
run_162248_issue_ori_data.json,1,Environment Failure,生成失败,"1.13.1+cu116
","multiprocessing.pool.RemoteTraceback: 
""""""
Traceback (most recent call last):
  File ""/home/ubuntu/miniconda3/envs/TeRL-Running/lib/python3.7/multiprocessing/pool.py"", line 121, in worker
    result = (True, func(*args, **kwds))
  File ""/home/ubuntu/miniconda3/envs/TeRL-Running/lib/python3.7/multiprocessing/pool.py"", line 44, in mapstar
    return list(map(*args))
  File ""/home/ubuntu/SYAN/GRADUATE/TeRL/Step5-Evaluate/baseline/CrossProbe-master/results_single/162248_issue_ori_data.py"", line 20, "
run_162251_issue_ori_data.json,-8,Environment Failure,生成失败,"1.13.1+cu116
","/home/ubuntu/SYAN/GRADUATE/TeRL/Step5-Evaluate/baseline/CrossProbe-master/results_single/162251_issue_ori_data.py:5: UserWarning: ComplexHalf support is experimental and many operators don't support it yet. (Triggered internally at ../aten/src/ATen/EmptyTensor.cpp:31.)
  t = torch.zeros((5, 5, 9, 3), dtype=torch.complex32)
"
run_162271_issue_ori_data.json,1,API Misuse,生成失败,,"Traceback (most recent call last):
  File ""/home/ubuntu/SYAN/GRADUATE/TeRL/Step5-Evaluate/baseline/CrossProbe-master/results_single/162271_issue_ori_data.py"", line 5, in <module>
    @torch.compile(dynamic=True)
AttributeError: module 'torch' has no attribute 'compile'
"
run_162279_issue_ori_data.json,0,Success,生成成功,,
run_162302_issue_ori_data.json,0,Success,生成成功,"CPU:
 tensor([[-8388607.5000,  8388608.0000,  8388607.5000, -8388608.0000],
        [-8388607.5000,  8388608.0000,  8388607.5000, -8388608.0000],
        [ 8388608.0000, -8388608.0000, -8388608.0000,  8388608.0000],
        [ 8388608.0000, -8388608.0000, -8388608.0000,  8388608.0000]])
GPU:
 tensor([[-8388607.5000,  8388608.0000,  8388607.5000, -8388608.0000],
        [-8388607.5000,  8388608.0000,  8388607.5000, -8388608.0000],
        [ 8388608.0000, -8388608.0000, -8388608.0000,  8388608.0000",
run_162313_issue_ori_data.json,1,API Misuse,生成失败,,"Traceback (most recent call last):
  File ""/home/ubuntu/SYAN/GRADUATE/TeRL/Step5-Evaluate/baseline/CrossProbe-master/results_single/162313_issue_ori_data.py"", line 8, in <module>
    @torch.compile(backend=""eager"")
AttributeError: module 'torch' has no attribute 'compile'
"
run_162327_issue_ori_data.json,1,Unknown Failure,生成失败,"1.13.1+cu116
","Traceback (most recent call last):
  File ""/home/ubuntu/SYAN/GRADUATE/TeRL/Step5-Evaluate/baseline/CrossProbe-master/results_single/162327_issue_ori_data.py"", line 16, in <module>
    torch.nn.functional.max_unpool1d(*input[0],**input[1])
  File ""/home/ubuntu/miniconda3/envs/TeRL-Running/lib/python3.7/site-packages/torch/nn/functional.py"", line 948, in max_unpool1d
    return torch._C._nn.max_unpool2d(input.unsqueeze(-1), indices.unsqueeze(-1), output_size).squeeze(-1)
RuntimeError: elements in "
run_162359_issue_ori_data.json,1,Missing Dependency,执行失败,,"Traceback (most recent call last):
  File ""/home/ubuntu/SYAN/GRADUATE/TeRL/Step5-Evaluate/baseline/CrossProbe-master/results_single/162359_issue_ori_data.py"", line 5, in <module>
    import matplotlib.pyplot as plt
ModuleNotFoundError: No module named 'matplotlib'
"
run_162408_issue_ori_data.json,1,Code Generation Error,生成失败,,"  File ""<fstring>"", line 1
    (cu_seqlens=)
               ^
SyntaxError: invalid syntax
"
run_162410_issue_ori_data.json,1,Code Generation Error,生成失败,,"  File ""<fstring>"", line 1
    (torch._inductor.metrics.generated_kernel_count=)
                                                   ^
SyntaxError: invalid syntax
"
run_162473_issue_ori_data.json,1,API Misuse,生成失败,,"Traceback (most recent call last):
  File ""/home/ubuntu/miniconda3/envs/TeRL-Running/lib/python3.7/site-packages/torch/_ops.py"", line 501, in __getattr__
    op, overload_names = torch._C._jit_get_operation(qualified_op_name)
RuntimeError: No such operator aten::nonzero_static

The above exception was the direct cause of the following exception:

Traceback (most recent call last):
  File ""/home/ubuntu/SYAN/GRADUATE/TeRL/Step5-Evaluate/baseline/CrossProbe-master/results_single/162473_issue_ori_da"
run_162486_issue_ori_data.json,1,Missing Dependency,执行失败,,"Traceback (most recent call last):
  File ""/home/ubuntu/SYAN/GRADUATE/TeRL/Step5-Evaluate/baseline/CrossProbe-master/results_single/162486_issue_ori_data.py"", line 5, in <module>
    from torch import set_default_device
ImportError: cannot import name 'set_default_device' from 'torch' (/home/ubuntu/miniconda3/envs/TeRL-Running/lib/python3.7/site-packages/torch/__init__.py)
"
run_162504_issue_ori_data.json,1,API Misuse,生成失败,,"Traceback (most recent call last):
  File ""/home/ubuntu/SYAN/GRADUATE/TeRL/Step5-Evaluate/baseline/CrossProbe-master/results_single/162504_issue_ori_data.py"", line 15, in <module>
    eager_out = torch.utils.checkpoint.checkpoint(
AttributeError: module 'torch.utils' has no attribute 'checkpoint'
"
run_162570_issue_ori_data.json,1,Missing Dependency,执行失败,,"Traceback (most recent call last):
  File ""/home/ubuntu/SYAN/GRADUATE/TeRL/Step5-Evaluate/baseline/CrossProbe-master/results_single/162570_issue_ori_data.py"", line 3, in <module>
    import onnxruntime as ort
ModuleNotFoundError: No module named 'onnxruntime'
"
run_162683_issue_ori_data.json,1,Unknown Failure,生成失败,,"Traceback (most recent call last):
  File ""/home/ubuntu/SYAN/GRADUATE/TeRL/Step5-Evaluate/baseline/CrossProbe-master/results_single/162683_issue_ori_data.py"", line 34, in <module>
    t = benchmark_matmul(a_shape, b_shape)
  File ""/home/ubuntu/SYAN/GRADUATE/TeRL/Step5-Evaluate/baseline/CrossProbe-master/results_single/162683_issue_ori_data.py"", line 18, in benchmark_matmul
    _ = torch.matmul(A, B)
RuntimeError: ""baddbmm_with_gemm"" not implemented for 'Half'
"
run_162692_issue_ori_data.json,1,Missing Dependency,执行失败,,"Traceback (most recent call last):
  File ""/home/ubuntu/SYAN/GRADUATE/TeRL/Step5-Evaluate/baseline/CrossProbe-master/results_single/162692_issue_ori_data.py"", line 3, in <module>
    from torch.distributed._tensor import Shard, distribute_tensor, init_device_mesh
ModuleNotFoundError: No module named 'torch.distributed._tensor'
"
run_162722_issue_ori_data.json,1,API Misuse,生成失败,,"Traceback (most recent call last):
  File ""/home/ubuntu/SYAN/GRADUATE/TeRL/Step5-Evaluate/baseline/CrossProbe-master/results_single/162722_issue_ori_data.py"", line 108, in <module>
    compiled_model = torch.compile(model)
AttributeError: module 'torch' has no attribute 'compile'
"
run_162725_issue_ori_data.json,1,Missing Dependency,执行失败,,"Traceback (most recent call last):
  File ""/home/ubuntu/SYAN/GRADUATE/TeRL/Step5-Evaluate/baseline/CrossProbe-master/results_single/162725_issue_ori_data.py"", line 4, in <module>
    from torch.testing._internal.common_methods_invocations import op_db
  File ""/home/ubuntu/miniconda3/envs/TeRL-Running/lib/python3.7/site-packages/torch/testing/_internal/common_methods_invocations.py"", line 22, in <module>
    from torch.testing._internal.common_device_type import \
  File ""/home/ubuntu/miniconda3/"
run_162730_issue_ori_data.json,1,Missing Dependency,执行失败,,"Traceback (most recent call last):
  File ""/home/ubuntu/SYAN/GRADUATE/TeRL/Step5-Evaluate/baseline/CrossProbe-master/results_single/162730_issue_ori_data.py"", line 4, in <module>
    import einops
ModuleNotFoundError: No module named 'einops'
"
run_162756_issue_ori_data.json,1,API Misuse,生成失败,,"Traceback (most recent call last):
  File ""/home/ubuntu/SYAN/GRADUATE/TeRL/Step5-Evaluate/baseline/CrossProbe-master/results_single/162756_issue_ori_data.py"", line 4, in <module>
    torch._inductor.config.combo_kernels = True
AttributeError: module 'torch' has no attribute '_inductor'
"
run_162798_issue_ori_data.json,0,Success,生成成功,"Input tensor: tensor([])
CPU result: tensor(nan)
CUDA result: tensor(nan, device='cuda:0')
",
run_162800_issue_ori_data.json,1,Unknown Failure,生成失败,"1.13.1+cu116
","Traceback (most recent call last):
  File ""/home/ubuntu/SYAN/GRADUATE/TeRL/Step5-Evaluate/baseline/CrossProbe-master/results_single/162800_issue_ori_data.py"", line 13, in <module>
    torch.Tensor.tolist(*input[0],**input[1])
RuntimeError: invalid type
"
run_162801_issue_ori_data.json,0,Success,生成成功,"1.13.1+cu116
",
run_162858_issue_ori_data.json,1,API Misuse,生成失败,,"Traceback (most recent call last):
  File ""/home/ubuntu/SYAN/GRADUATE/TeRL/Step5-Evaluate/baseline/CrossProbe-master/results_single/162858_issue_ori_data.py"", line 6, in <module>
    @torch.compile(backend=""eager"")
AttributeError: module 'torch' has no attribute 'compile'
"
run_162860_issue_ori_data.json,1,API Misuse,生成失败,,"Traceback (most recent call last):
  File ""/home/ubuntu/SYAN/GRADUATE/TeRL/Step5-Evaluate/baseline/CrossProbe-master/results_single/162860_issue_ori_data.py"", line 10, in <module>
    @torch.compile(backend=""eager"")
AttributeError: module 'torch' has no attribute 'compile'
"
run_162876_issue_ori_data.json,1,API Misuse,生成失败,,"Traceback (most recent call last):
  File ""/home/ubuntu/SYAN/GRADUATE/TeRL/Step5-Evaluate/baseline/CrossProbe-master/results_single/162876_issue_ori_data.py"", line 9, in <module>
    max=tensor(5)
TypeError: structseq() missing required argument 'sequence' (pos 1)
"
run_162909_issue_ori_data.json,1,API Misuse,生成失败,,"Traceback (most recent call last):
  File ""/home/ubuntu/SYAN/GRADUATE/TeRL/Step5-Evaluate/baseline/CrossProbe-master/results_single/162909_issue_ori_data.py"", line 6, in <module>
    print(""Using device:"", ""xpu"" if torch.xpu.is_available() else ""cpu"")
AttributeError: module 'torch' has no attribute 'xpu'
"
run_163026_issue_ori_data.json,1,Unknown Failure,生成失败,,"Traceback (most recent call last):
  File ""/home/ubuntu/SYAN/GRADUATE/TeRL/Step5-Evaluate/baseline/CrossProbe-master/results_single/163026_issue_ori_data.py"", line 5, in <module>
    is_causal=False, scale=None, enable_gqa=False) -> torch.Tensor:
NameError: name 'torch' is not defined
"
run_163061_issue_ori_data.json,1,Missing Dependency,执行失败,,"Traceback (most recent call last):
  File ""/home/ubuntu/SYAN/GRADUATE/TeRL/Step5-Evaluate/baseline/CrossProbe-master/results_single/163061_issue_ori_data.py"", line 4, in <module>
    import triton
ModuleNotFoundError: No module named 'triton'
"
run_163076_issue_ori_data.json,1,Unknown Failure,生成失败,,"Traceback (most recent call last):
  File ""/home/ubuntu/miniconda3/envs/TeRL-Running/lib/python3.7/site-packages/transformers/configuration_utils.py"", line 609, in _get_config_dict
    user_agent=user_agent,
  File ""/home/ubuntu/miniconda3/envs/TeRL-Running/lib/python3.7/site-packages/transformers/utils/hub.py"", line 292, in cached_path
    local_files_only=local_files_only,
  File ""/home/ubuntu/miniconda3/envs/TeRL-Running/lib/python3.7/site-packages/transformers/utils/hub.py"", line 479, in get"
run_163082_issue_ori_data.json,1,API Misuse,生成失败,,"Traceback (most recent call last):
  File ""/home/ubuntu/SYAN/GRADUATE/TeRL/Step5-Evaluate/baseline/CrossProbe-master/results_single/163082_issue_ori_data.py"", line 7, in <module>
    @torch.compile()
AttributeError: module 'torch' has no attribute 'compile'
"
run_163093_issue_ori_data.json,1,API Misuse,生成失败,,"Traceback (most recent call last):
  File ""/home/ubuntu/SYAN/GRADUATE/TeRL/Step5-Evaluate/baseline/CrossProbe-master/results_single/163093_issue_ori_data.py"", line 6, in <module>
    torch._logging.set_logs(recompiles=True)
AttributeError: module 'torch' has no attribute '_logging'
"
run_163103_issue_ori_data.json,1,Unknown Failure,生成失败,,"Traceback (most recent call last):
  File ""/home/ubuntu/SYAN/GRADUATE/TeRL/Step5-Evaluate/baseline/CrossProbe-master/results_single/163103_issue_ori_data.py"", line 3, in <module>
    self._last_lr: list[float] = [group[""lr""] for group in self.optimizer.param_groups]
NameError: name 'self' is not defined
"
run_163153_issue_ori_data.json,1,Missing Dependency,执行失败,,"Traceback (most recent call last):
  File ""/home/ubuntu/SYAN/GRADUATE/TeRL/Step5-Evaluate/baseline/CrossProbe-master/results_single/163153_issue_ori_data.py"", line 8, in <module>
    from checkpoint import Checkpointer
ModuleNotFoundError: No module named 'checkpoint'
"
run_163243_issue_ori_data.json,1,API Misuse,生成失败,,"Traceback (most recent call last):
  File ""/home/ubuntu/SYAN/GRADUATE/TeRL/Step5-Evaluate/baseline/CrossProbe-master/results_single/163243_issue_ori_data.py"", line 25, in <module>
    repro = torch.compile(repro, backend=""inductor"")
AttributeError: module 'torch' has no attribute 'compile'
"
run_163275_issue_ori_data.json,1,API Misuse,生成失败,,"Traceback (most recent call last):
  File ""/home/ubuntu/SYAN/GRADUATE/TeRL/Step5-Evaluate/baseline/CrossProbe-master/results_single/163275_issue_ori_data.py"", line 8, in <module>
    @torch.compile
AttributeError: module 'torch' has no attribute 'compile'
"
run_163294_issue_ori_data.json,1,API Misuse,生成失败,,"Traceback (most recent call last):
  File ""/home/ubuntu/SYAN/GRADUATE/TeRL/Step5-Evaluate/baseline/CrossProbe-master/results_single/163294_issue_ori_data.py"", line 11, in <module>
    ep = torch.export.export(
AttributeError: module 'torch' has no attribute 'export'
"
run_163300_issue_ori_data.json,1,Missing Dependency,执行失败,,"Traceback (most recent call last):
  File ""/home/ubuntu/SYAN/GRADUATE/TeRL/Step5-Evaluate/baseline/CrossProbe-master/results_single/163300_issue_ori_data.py"", line 5, in <module>
    from torch.nn.attention.flex_attention import flex_attention
ModuleNotFoundError: No module named 'torch.nn.attention'
"
run_163329_issue_ori_data.json,1,API Misuse,生成失败,,"Traceback (most recent call last):
  File ""/home/ubuntu/SYAN/GRADUATE/TeRL/Step5-Evaluate/baseline/CrossProbe-master/results_single/163329_issue_ori_data.py"", line 4, in <module>
    torch._logging.set_logs(recompiles=True)
AttributeError: module 'torch' has no attribute '_logging'
"
run_163330_issue_ori_data.json,1,Missing Dependency,执行失败,,"Traceback (most recent call last):
  File ""/home/ubuntu/SYAN/GRADUATE/TeRL/Step5-Evaluate/baseline/CrossProbe-master/results_single/163330_issue_ori_data.py"", line 7, in <module>
    from torch.distributed.device_mesh import _mesh_resources
ModuleNotFoundError: No module named 'torch.distributed.device_mesh'
"
run_163372_issue_ori_data.json,1,API Misuse,生成失败,,"Traceback (most recent call last):
  File ""/home/ubuntu/SYAN/GRADUATE/TeRL/Step5-Evaluate/baseline/CrossProbe-master/results_single/163372_issue_ori_data.py"", line 39, in <module>
    main()
  File ""/home/ubuntu/SYAN/GRADUATE/TeRL/Step5-Evaluate/baseline/CrossProbe-master/results_single/163372_issue_ori_data.py"", line 29, in main
    model = torch.compile(model)
AttributeError: module 'torch' has no attribute 'compile'
"
run_163374_issue_ori_data.json,1,Missing Dependency,执行失败,,"Traceback (most recent call last):
  File ""/home/ubuntu/SYAN/GRADUATE/TeRL/Step5-Evaluate/baseline/CrossProbe-master/results_single/163374_issue_ori_data.py"", line 3, in <module>
    from torch.distributed._tensor import Shard, distribute_tensor, init_device_mesh, DTensor, Replicate
ModuleNotFoundError: No module named 'torch.distributed._tensor'
"
run_163420_issue_ori_data.json,1,API Misuse,生成失败,,"Traceback (most recent call last):
  File ""/home/ubuntu/SYAN/GRADUATE/TeRL/Step5-Evaluate/baseline/CrossProbe-master/results_single/163420_issue_ori_data.py"", line 4, in <module>
    torch._dynamo.config.capture_scalar_outputs = True
AttributeError: module 'torch' has no attribute '_dynamo'
"
run_163449_issue_ori_data.json,1,API Misuse,生成失败,,"Traceback (most recent call last):
  File ""/home/ubuntu/SYAN/GRADUATE/TeRL/Step5-Evaluate/baseline/CrossProbe-master/results_single/163449_issue_ori_data.py"", line 5, in <module>
    torch._dynamo.config.capture_scalar_outputs = True
AttributeError: module 'torch' has no attribute '_dynamo'
"
run_163457_issue_ori_data.json,1,API Misuse,生成失败,,"Traceback (most recent call last):
  File ""/home/ubuntu/SYAN/GRADUATE/TeRL/Step5-Evaluate/baseline/CrossProbe-master/results_single/163457_issue_ori_data.py"", line 5, in <module>
    torch._dynamo.config.capture_scalar_outputs = True
AttributeError: module 'torch' has no attribute '_dynamo'
"
run_163483_issue_ori_data.json,1,Unknown Failure,生成失败,,"Traceback (most recent call last):
  File ""/home/ubuntu/SYAN/GRADUATE/TeRL/Step5-Evaluate/baseline/CrossProbe-master/results_single/163483_issue_ori_data.py"", line 5, in <module>
    torch.distributed.init_process_group(backend='nccl')
  File ""/home/ubuntu/miniconda3/envs/TeRL-Running/lib/python3.7/site-packages/torch/distributed/distributed_c10d.py"", line 754, in init_process_group
    store, rank, world_size = next(rendezvous_iterator)
  File ""/home/ubuntu/miniconda3/envs/TeRL-Running/lib/pyth"
run_163528_issue_ori_data.json,1,API Misuse,生成失败,,"Traceback (most recent call last):
  File ""/home/ubuntu/SYAN/GRADUATE/TeRL/Step5-Evaluate/baseline/CrossProbe-master/results_single/163528_issue_ori_data.py"", line 53, in <module>
    main()
  File ""/home/ubuntu/SYAN/GRADUATE/TeRL/Step5-Evaluate/baseline/CrossProbe-master/results_single/163528_issue_ori_data.py"", line 50, in main
    test_device('cpu', x, quantiles)
  File ""/home/ubuntu/SYAN/GRADUATE/TeRL/Step5-Evaluate/baseline/CrossProbe-master/results_single/163528_issue_ori_data.py"", line 24"
run_163548_issue_ori_data.json,1,Missing Dependency,执行失败,,"Traceback (most recent call last):
  File ""/home/ubuntu/SYAN/GRADUATE/TeRL/Step5-Evaluate/baseline/CrossProbe-master/results_single/163548_issue_ori_data.py"", line 3, in <module>
    from torch.distributed.checkpoint.default_planner import DefaultSavePlanner
ModuleNotFoundError: No module named 'torch.distributed.checkpoint'
"
run_163563_issue_ori_data.json,1,API Misuse,生成失败,,"Traceback (most recent call last):
  File ""/home/ubuntu/SYAN/GRADUATE/TeRL/Step5-Evaluate/baseline/CrossProbe-master/results_single/163563_issue_ori_data.py"", line 5, in <module>
    torch._dynamo.config.capture_scalar_outputs = True
AttributeError: module 'torch' has no attribute '_dynamo'
"
run_163569_issue_ori_data.json,1,API Misuse,生成失败,,"Traceback (most recent call last):
  File ""/home/ubuntu/SYAN/GRADUATE/TeRL/Step5-Evaluate/baseline/CrossProbe-master/results_single/163569_issue_ori_data.py"", line 5, in <module>
    torch._dynamo.config.capture_scalar_outputs = True
AttributeError: module 'torch' has no attribute '_dynamo'
"
run_163597_issue_ori_data.json,1,Unknown Failure,生成失败,,"Traceback (most recent call last):
  File ""/home/ubuntu/SYAN/GRADUATE/TeRL/Step5-Evaluate/baseline/CrossProbe-master/results_single/163597_issue_ori_data.py"", line 42, in <module>
    q = torch.randn(batch_size, seq_len, num_heads, head_dim, device=""mps"").transpose(1, 2)
NotImplementedError: Could not run 'aten::empty.memory_format' with arguments from the 'MPS' backend. This could be because the operator doesn't exist for this backend, or was omitted during the selective/custom build process (i"
run_163604_issue_ori_data.json,1,API Misuse,生成失败,,"Traceback (most recent call last):
  File ""/home/ubuntu/SYAN/GRADUATE/TeRL/Step5-Evaluate/baseline/CrossProbe-master/results_single/163604_issue_ori_data.py"", line 5, in <module>
    torch._dynamo.config.capture_scalar_outputs = True
AttributeError: module 'torch' has no attribute '_dynamo'
"
run_163640_issue_ori_data.json,1,API Misuse,生成失败,"eager ok: (1, 41, 10)
","Traceback (most recent call last):
  File ""/home/ubuntu/SYAN/GRADUATE/TeRL/Step5-Evaluate/baseline/CrossProbe-master/results_single/163640_issue_ori_data.py"", line 39, in <module>
    main()
  File ""/home/ubuntu/SYAN/GRADUATE/TeRL/Step5-Evaluate/baseline/CrossProbe-master/results_single/163640_issue_ori_data.py"", line 35, in main
    cm = torch.compile(m, backend=""inductor"", fullgraph=True)
AttributeError: module 'torch' has no attribute 'compile'
"
run_163668_issue_ori_data.json,1,API Misuse,生成失败,,"Traceback (most recent call last):
  File ""/home/ubuntu/SYAN/GRADUATE/TeRL/Step5-Evaluate/baseline/CrossProbe-master/results_single/163668_issue_ori_data.py"", line 5, in <module>
    @torch.compile(fullgraph=True)
AttributeError: module 'torch' has no attribute 'compile'
"
run_163687_issue_ori_data.json,1,Missing Dependency,执行失败,,"Traceback (most recent call last):
  File ""/home/ubuntu/SYAN/GRADUATE/TeRL/Step5-Evaluate/baseline/CrossProbe-master/results_single/163687_issue_ori_data.py"", line 5, in <module>
    from torch.nn.attention.flex_attention import create_block_mask, flex_attention
ModuleNotFoundError: No module named 'torch.nn.attention'
"
run_163721_issue_ori_data.json,1,Missing Dependency,执行失败,,"Traceback (most recent call last):
  File ""/home/ubuntu/SYAN/GRADUATE/TeRL/Step5-Evaluate/baseline/CrossProbe-master/results_single/163721_issue_ori_data.py"", line 14, in <module>
    from compiler import *
ModuleNotFoundError: No module named 'compiler'
"
run_163741_issue_ori_data.json,0,Success,生成成功,"to sleep
to sleep
to sleep
",
run_163753_issue_ori_data.json,0,Success,生成成功,,
run_163798_issue_ori_data.json,1,Unknown Failure,生成失败,,"Traceback (most recent call last):
  File ""/home/ubuntu/SYAN/GRADUATE/TeRL/Step5-Evaluate/baseline/CrossProbe-master/results_single/163798_issue_ori_data.py"", line 3, in <module>
    @torch.compile(fullgraph=False, backend=""eager"")
NameError: name 'torch' is not defined
"
run_163851_issue_ori_data.json,1,Unknown Failure,生成失败,,"Traceback (most recent call last):
  File ""/home/ubuntu/SYAN/GRADUATE/TeRL/Step5-Evaluate/baseline/CrossProbe-master/results_single/163851_issue_ori_data.py"", line 9, in <module>
    out_mps = torch.grid_sampler_3d(input.to(""mps""), grid_nan.to(""mps""), 0, 0, True)
RuntimeError: PyTorch is not linked with support for mps devices
"
run_163894_issue_ori_data.json,1,API Misuse,生成失败,,"Traceback (most recent call last):
  File ""/home/ubuntu/SYAN/GRADUATE/TeRL/Step5-Evaluate/baseline/CrossProbe-master/results_single/163894_issue_ori_data.py"", line 4, in <module>
    torch._dynamo.config.capture_scalar_outputs = True
AttributeError: module 'torch' has no attribute '_dynamo'
"
run_163918_issue_ori_data.json,1,Unknown Failure,生成失败,,"Traceback (most recent call last):
  File ""/home/ubuntu/SYAN/GRADUATE/TeRL/Step5-Evaluate/baseline/CrossProbe-master/results_single/163918_issue_ori_data.py"", line 3, in <module>
    test_TransformerEncoderLayer_relu_activation_cuda_tf32
NameError: name 'test_TransformerEncoderLayer_relu_activation_cuda_tf32' is not defined
"
run_163929_issue_ori_data.json,1,API Misuse,生成失败,,"Traceback (most recent call last):
  File ""/home/ubuntu/SYAN/GRADUATE/TeRL/Step5-Evaluate/baseline/CrossProbe-master/results_single/163929_issue_ori_data.py"", line 15, in <module>
    cf = torch.compile(foo)
AttributeError: module 'torch' has no attribute 'compile'
"
run_163962_issue_ori_data.json,1,Missing Dependency,执行失败,,"Traceback (most recent call last):
  File ""/home/ubuntu/SYAN/GRADUATE/TeRL/Step5-Evaluate/baseline/CrossProbe-master/results_single/163962_issue_ori_data.py"", line 3, in <module>
    import tensorly as tl
ModuleNotFoundError: No module named 'tensorly'
"
run_163971_issue_ori_data.json,1,API Misuse,生成失败,,"Traceback (most recent call last):
  File ""/home/ubuntu/SYAN/GRADUATE/TeRL/Step5-Evaluate/baseline/CrossProbe-master/results_single/163971_issue_ori_data.py"", line 5, in <module>
    torch._dynamo.config.capture_scalar_outputs = True
AttributeError: module 'torch' has no attribute '_dynamo'
"
run_164030_issue_ori_data.json,1,Unknown Failure,生成失败,,"Traceback (most recent call last):
  File ""/home/ubuntu/SYAN/GRADUATE/TeRL/Step5-Evaluate/baseline/CrossProbe-master/results_single/164030_issue_ori_data.py"", line 3, in <module>
    with torch.no_grad():
NameError: name 'torch' is not defined
"
run_164048_issue_ori_data.json,0,Success,生成成功,,
run_164063_issue_ori_data.json,1,API Misuse,生成失败,,"Traceback (most recent call last):
  File ""/home/ubuntu/SYAN/GRADUATE/TeRL/Step5-Evaluate/baseline/CrossProbe-master/results_single/164063_issue_ori_data.py"", line 5, in <module>
    torch._dynamo.config.capture_scalar_outputs = True
AttributeError: module 'torch' has no attribute '_dynamo'
"
run_164086_issue_ori_data.json,1,API Misuse,生成失败,,"Traceback (most recent call last):
  File ""/home/ubuntu/SYAN/GRADUATE/TeRL/Step5-Evaluate/baseline/CrossProbe-master/results_single/164086_issue_ori_data.py"", line 5, in <module>
    torch._dynamo.config.capture_scalar_outputs = True
AttributeError: module 'torch' has no attribute '_dynamo'
"
run_164094_issue_ori_data.json,1,Unknown Failure,生成失败,,"Traceback (most recent call last):
  File ""/home/ubuntu/SYAN/GRADUATE/TeRL/Step5-Evaluate/baseline/CrossProbe-master/results_single/164094_issue_ori_data.py"", line 3, in <module>
    class BackwardStream(torch.autograd.Function):
NameError: name 'torch' is not defined
"
run_164102_issue_ori_data.json,1,API Misuse,生成失败,,"Traceback (most recent call last):
  File ""/home/ubuntu/SYAN/GRADUATE/TeRL/Step5-Evaluate/baseline/CrossProbe-master/results_single/164102_issue_ori_data.py"", line 5, in <module>
    torch._dynamo.config.capture_scalar_outputs = True
AttributeError: module 'torch' has no attribute '_dynamo'
"
run_164157_issue_ori_data.json,1,API Misuse,生成失败,,"Traceback (most recent call last):
  File ""/home/ubuntu/SYAN/GRADUATE/TeRL/Step5-Evaluate/baseline/CrossProbe-master/results_single/164157_issue_ori_data.py"", line 5, in <module>
    torch._dynamo.config.capture_scalar_outputs = True
AttributeError: module 'torch' has no attribute '_dynamo'
"
run_164247_issue_ori_data.json,1,Missing Dependency,执行失败,,"Traceback (most recent call last):
  File ""/home/ubuntu/SYAN/GRADUATE/TeRL/Step5-Evaluate/baseline/CrossProbe-master/results_single/164247_issue_ori_data.py"", line 5, in <module>
    from torch.nn.attention.flex_attention import create_block_mask, flex_attention
ModuleNotFoundError: No module named 'torch.nn.attention'
"
run_164286_issue_ori_data.json,1,API Misuse,生成失败,"torch.sparse_coo torch.strided
tensor([[3.],
        [2.],
        [1.]])
","Traceback (most recent call last):
  File ""/home/ubuntu/SYAN/GRADUATE/TeRL/Step5-Evaluate/baseline/CrossProbe-master/results_single/164286_issue_ori_data.py"", line 16, in <module>
    vjp = torch.func.vjp(f, a, x)[1]  # fails
AttributeError: module 'torch' has no attribute 'func'
"
run_164300_issue_ori_data.json,1,Missing Dependency,执行失败,,"Traceback (most recent call last):
  File ""/home/ubuntu/SYAN/GRADUATE/TeRL/Step5-Evaluate/baseline/CrossProbe-master/results_single/164300_issue_ori_data.py"", line 5, in <module>
    from torch.utils.checkpoint import CheckpointPolicy
ImportError: cannot import name 'CheckpointPolicy' from 'torch.utils.checkpoint' (/home/ubuntu/miniconda3/envs/TeRL-Running/lib/python3.7/site-packages/torch/utils/checkpoint.py)
"
run_164385_issue_ori_data.json,1,Unknown Failure,生成失败,,"Traceback (most recent call last):
  File ""/home/ubuntu/SYAN/GRADUATE/TeRL/Step5-Evaluate/baseline/CrossProbe-master/results_single/164385_issue_ori_data.py"", line 9, in <module>
    s14 = sympy.Symbol('s14', integer=True, positive=True)
NameError: name 'sympy' is not defined
"
run_164465_issue_ori_data.json,1,API Misuse,生成失败,,"Traceback (most recent call last):
  File ""/home/ubuntu/SYAN/GRADUATE/TeRL/Step5-Evaluate/baseline/CrossProbe-master/results_single/164465_issue_ori_data.py"", line 5, in <module>
    @torch.compile
AttributeError: module 'torch' has no attribute 'compile'
"
run_164486_issue_ori_data.json,1,API Misuse,生成失败,,"Traceback (most recent call last):
  File ""/home/ubuntu/SYAN/GRADUATE/TeRL/Step5-Evaluate/baseline/CrossProbe-master/results_single/164486_issue_ori_data.py"", line 4, in <module>
    torch._dynamo.config.capture_scalar_outputs = True
AttributeError: module 'torch' has no attribute '_dynamo'
"
run_164608_issue_ori_data.json,1,Missing Dependency,执行失败,,"Traceback (most recent call last):
  File ""/home/ubuntu/SYAN/GRADUATE/TeRL/Step5-Evaluate/baseline/CrossProbe-master/results_single/164608_issue_ori_data.py"", line 6, in <module>
    from torch.nn.attention.flex_attention import create_block_mask
ModuleNotFoundError: No module named 'torch.nn.attention'
"
run_164663_issue_ori_data.json,1,Missing Dependency,执行失败,,"Traceback (most recent call last):
  File ""/home/ubuntu/SYAN/GRADUATE/TeRL/Step5-Evaluate/baseline/CrossProbe-master/results_single/164663_issue_ori_data.py"", line 8, in <module>
    from torch.distributed.device_mesh import init_device_mesh
ModuleNotFoundError: No module named 'torch.distributed.device_mesh'
"
run_164683_issue_ori_data.json,1,API Misuse,生成失败,,"Traceback (most recent call last):
  File ""/home/ubuntu/SYAN/GRADUATE/TeRL/Step5-Evaluate/baseline/CrossProbe-master/results_single/164683_issue_ori_data.py"", line 5, in <module>
    torch._dynamo.config.capture_scalar_outputs = True
AttributeError: module 'torch' has no attribute '_dynamo'
"
run_164684_issue_ori_data.json,1,API Misuse,生成失败,,"Traceback (most recent call last):
  File ""/home/ubuntu/SYAN/GRADUATE/TeRL/Step5-Evaluate/baseline/CrossProbe-master/results_single/164684_issue_ori_data.py"", line 4, in <module>
    torch._dynamo.config.capture_scalar_outputs = True
AttributeError: module 'torch' has no attribute '_dynamo'
"
run_164685_issue_ori_data.json,1,API Misuse,生成失败,,"Traceback (most recent call last):
  File ""/home/ubuntu/SYAN/GRADUATE/TeRL/Step5-Evaluate/baseline/CrossProbe-master/results_single/164685_issue_ori_data.py"", line 4, in <module>
    torch._dynamo.config.capture_scalar_outputs = True
AttributeError: module 'torch' has no attribute '_dynamo'
"
run_164686_issue_ori_data.json,1,API Misuse,生成失败,,"Traceback (most recent call last):
  File ""/home/ubuntu/SYAN/GRADUATE/TeRL/Step5-Evaluate/baseline/CrossProbe-master/results_single/164686_issue_ori_data.py"", line 4, in <module>
    torch._dynamo.config.capture_scalar_outputs = True
AttributeError: module 'torch' has no attribute '_dynamo'
"
run_164700_issue_ori_data.json,1,Unknown Failure,生成失败,,"Traceback (most recent call last):
  File ""/home/ubuntu/SYAN/GRADUATE/TeRL/Step5-Evaluate/baseline/CrossProbe-master/results_single/164700_issue_ori_data.py"", line 30, in <module>
    display(
NameError: name 'display' is not defined
"
run_164701_issue_ori_data.json,1,API Misuse,生成失败,,"Traceback (most recent call last):
  File ""/home/ubuntu/SYAN/GRADUATE/TeRL/Step5-Evaluate/baseline/CrossProbe-master/results_single/164701_issue_ori_data.py"", line 32, in <module>
    slide_to_the_left3 = torch.compile(slide_to_the_left2)
AttributeError: module 'torch' has no attribute 'compile'
"
run_164704_issue_ori_data.json,1,API Misuse,生成失败,,"Traceback (most recent call last):
  File ""/home/ubuntu/SYAN/GRADUATE/TeRL/Step5-Evaluate/baseline/CrossProbe-master/results_single/164704_issue_ori_data.py"", line 4, in <module>
    torch._dynamo.config.capture_scalar_outputs = True
AttributeError: module 'torch' has no attribute '_dynamo'
"
run_164725_issue_ori_data.json,1,API Misuse,生成失败,,"Traceback (most recent call last):
  File ""/home/ubuntu/SYAN/GRADUATE/TeRL/Step5-Evaluate/baseline/CrossProbe-master/results_single/164725_issue_ori_data.py"", line 4, in <module>
    torch._dynamo.config.capture_scalar_outputs = True
AttributeError: module 'torch' has no attribute '_dynamo'
"
run_164814_issue_ori_data.json,1,API Misuse,生成失败,,"Traceback (most recent call last):
  File ""/home/ubuntu/SYAN/GRADUATE/TeRL/Step5-Evaluate/baseline/CrossProbe-master/results_single/164814_issue_ori_data.py"", line 4, in <module>
    torch._dynamo.config.capture_scalar_outputs = True
AttributeError: module 'torch' has no attribute '_dynamo'
"
run_164823_issue_ori_data.json,1,API Misuse,生成失败,"Eager output: tensor([[-4.4134e-02,  3.9898e-01,  1.3673e-01,  2.2281e+00, -4.0383e-02,
         -1.4864e+00, -2.8530e+00, -9.8144e-01, -3.3774e-01,  1.3863e-01],
        [ 7.8643e-02,  4.1460e-01,  1.4509e+00, -1.0894e+00, -2.0053e+00,
          1.6754e+00, -3.2433e+00,  1.7604e-01, -5.8550e-01, -2.8572e+00],
        [ 1.2692e+00, -1.7685e+00, -8.5613e-01,  6.3236e-01,  7.6049e-01,
          7.0218e-01, -4.2348e-01,  1.5919e+00,  3.3850e+00,  3.1730e+00],
        [ 1.5750e+00, -3.6332e+00, -3.3","Traceback (most recent call last):
  File ""/home/ubuntu/SYAN/GRADUATE/TeRL/Step5-Evaluate/baseline/CrossProbe-master/results_single/164823_issue_ori_data.py"", line 16, in <module>
    print(""Compiled output:"", torch.compile(model)(x))
AttributeError: module 'torch' has no attribute 'compile'
"
run_164875_issue_ori_data.json,1,API Misuse,生成失败,,"Traceback (most recent call last):
  File ""/home/ubuntu/SYAN/GRADUATE/TeRL/Step5-Evaluate/baseline/CrossProbe-master/results_single/164875_issue_ori_data.py"", line 4, in <module>
    torch._dynamo.config.capture_scalar_outputs = True
AttributeError: module 'torch' has no attribute '_dynamo'
"
run_164876_issue_ori_data.json,1,API Misuse,生成失败,,"Traceback (most recent call last):
  File ""/home/ubuntu/SYAN/GRADUATE/TeRL/Step5-Evaluate/baseline/CrossProbe-master/results_single/164876_issue_ori_data.py"", line 4, in <module>
    torch._dynamo.config.capture_scalar_outputs = True
AttributeError: module 'torch' has no attribute '_dynamo'
"
run_164924_issue_ori_data.json,1,API Misuse,生成失败,"tensor([32], device='cuda:0')
tensor(-21, device='cuda:0')
Eager: {'out': tensor([False], device='cuda:0')}
","Traceback (most recent call last):
  File ""/home/ubuntu/SYAN/GRADUATE/TeRL/Step5-Evaluate/baseline/CrossProbe-master/results_single/164924_issue_ori_data.py"", line 21, in <module>
    compiled_model = torch.compile(model, backend='inductor')
AttributeError: module 'torch' has no attribute 'compile'
"
run_164943_issue_ori_data.json,1,Unknown Failure,生成失败,,"Traceback (most recent call last):
  File ""/home/ubuntu/SYAN/GRADUATE/TeRL/Step5-Evaluate/baseline/CrossProbe-master/results_single/164943_issue_ori_data.py"", line 5, in <module>
    foo = foo.to('mps')
RuntimeError: PyTorch is not linked with support for mps devices
"
run_165081_issue_ori_data.json,1,API Misuse,生成失败,,"Traceback (most recent call last):
  File ""/home/ubuntu/SYAN/GRADUATE/TeRL/Step5-Evaluate/baseline/CrossProbe-master/results_single/165081_issue_ori_data.py"", line 4, in <module>
    torch._dynamo.config.capture_scalar_outputs = True
AttributeError: module 'torch' has no attribute '_dynamo'
"
run_165105_issue_ori_data.json,1,API Misuse,生成失败,,"Traceback (most recent call last):
  File ""/home/ubuntu/SYAN/GRADUATE/TeRL/Step5-Evaluate/baseline/CrossProbe-master/results_single/165105_issue_ori_data.py"", line 4, in <module>
    torch._dynamo.config.capture_scalar_outputs = True
AttributeError: module 'torch' has no attribute '_dynamo'
"
run_165257_issue_ori_data.json,1,Unknown Failure,生成失败,"Operation            CPU Max      MPS Max      Status
------------------------------------------------------------
","Traceback (most recent call last):
  File ""/home/ubuntu/SYAN/GRADUATE/TeRL/Step5-Evaluate/baseline/CrossProbe-master/results_single/165257_issue_ori_data.py"", line 26, in <module>
    t_mps = torch.zeros(50, 50, device='mps').T.clone()  # Non-contiguous
NotImplementedError: Could not run 'aten::empty.memory_format' with arguments from the 'MPS' backend. This could be because the operator doesn't exist for this backend, or was omitted during the selective/custom build process (if using custom bui"
run_165259_issue_ori_data.json,1,Unknown Failure,生成失败,,"Traceback (most recent call last):
  File ""/home/ubuntu/SYAN/GRADUATE/TeRL/Step5-Evaluate/baseline/CrossProbe-master/results_single/165259_issue_ori_data.py"", line 3, in <module>
    class PoseWrapper(torch.nn.Module):
NameError: name 'torch' is not defined
"
run_165286_issue_ori_data.json,1,Unknown Failure,生成失败,,"Traceback (most recent call last):
  File ""/home/ubuntu/SYAN/GRADUATE/TeRL/Step5-Evaluate/baseline/CrossProbe-master/results_single/165286_issue_ori_data.py"", line 4, in <module>
    with torch.autocast(device_type='cuda', dtype=torch.float16, enabled = True):
NameError: name 'torch' is not defined
"
run_165297_issue_ori_data.json,0,Success,生成成功,"Input tensor: contiguous=False, channels_last=True
Input stride: (31457280, 1, 61440, 64)
Output contains NaN? True
Output contains Inf? True
Stats: min=nan, max=nan
Detected NaNs in MaxPool output!
",
run_165503_issue_ori_data.json,1,Unknown Failure,生成失败,,"Traceback (most recent call last):
  File ""/home/ubuntu/SYAN/GRADUATE/TeRL/Step5-Evaluate/baseline/CrossProbe-master/results_single/165503_issue_ori_data.py"", line 12, in <module>
    y_chirp = torch.randn(target_num, C, P, L)
NameError: name 'torch' is not defined
"
run_165517_issue_ori_data.json,1,Unknown Failure,生成失败,,"Traceback (most recent call last):
  File ""/home/ubuntu/SYAN/GRADUATE/TeRL/Step5-Evaluate/baseline/CrossProbe-master/results_single/165517_issue_ori_data.py"", line 3, in <module>
    def qwen_image_flash_attention(q: torch.Tensor, k: torch.Tensor, v: torch.Tensor, num_heads: int, attention_mask = None, enable_fp8_attention: bool = False):
NameError: name 'torch' is not defined
"
run_165549_issue_ori_data.json,1,Unknown Failure,生成失败,,"Traceback (most recent call last):
  File ""/home/ubuntu/SYAN/GRADUATE/TeRL/Step5-Evaluate/baseline/CrossProbe-master/results_single/165549_issue_ori_data.py"", line 4, in <module>
    t = torch.randn(4, 4, device='privateuse1')
NameError: name 'torch' is not defined
"
run_165624_issue_ori_data.json,1,Unknown Failure,生成失败,,"Traceback (most recent call last):
  File ""/home/ubuntu/SYAN/GRADUATE/TeRL/Step5-Evaluate/baseline/CrossProbe-master/results_single/165624_issue_ori_data.py"", line 3, in <module>
    if config.joint_custom_pre_pass is not None:
NameError: name 'config' is not defined
"
run_165649_issue_ori_data.json,-8,Unknown Failure,生成失败,"Dividend tensor: tensor([[-9223372036854775808, -9223372036854775808, -9223372036854775808],
        [-9223372036854775808, -9223372036854775808, -9223372036854775808]])
Divisor tensor: tensor([-1, -1, -1])
",
run_165718_issue_ori_data.json,1,API Misuse,生成失败,,"Traceback (most recent call last):
  File ""/home/ubuntu/SYAN/GRADUATE/TeRL/Step5-Evaluate/baseline/CrossProbe-master/results_single/165718_issue_ori_data.py"", line 4, in <module>
    torch._dynamo.config.capture_scalar_outputs = True
AttributeError: module 'torch' has no attribute '_dynamo'
"
run_165738_issue_ori_data.json,1,Missing Dependency,执行失败,,"Traceback (most recent call last):
  File ""/home/ubuntu/SYAN/GRADUATE/TeRL/Step5-Evaluate/baseline/CrossProbe-master/results_single/165738_issue_ori_data.py"", line 3, in <module>
    import triton
ModuleNotFoundError: No module named 'triton'
"
run_165748_issue_ori_data.json,1,Missing Dependency,执行失败,,"Traceback (most recent call last):
  File ""/home/ubuntu/SYAN/GRADUATE/TeRL/Step5-Evaluate/baseline/CrossProbe-master/results_single/165748_issue_ori_data.py"", line 4, in <module>
    import onnx
ModuleNotFoundError: No module named 'onnx'
"
run_165749_issue_ori_data.json,1,Missing Dependency,执行失败,,"Traceback (most recent call last):
  File ""/home/ubuntu/SYAN/GRADUATE/TeRL/Step5-Evaluate/baseline/CrossProbe-master/results_single/165749_issue_ori_data.py"", line 5, in <module>
    from torch.nn.utils.parametrizations import weight_norm
ImportError: cannot import name 'weight_norm' from 'torch.nn.utils.parametrizations' (/home/ubuntu/miniconda3/envs/TeRL-Running/lib/python3.7/site-packages/torch/nn/utils/parametrizations.py)
"
run_165810_issue_ori_data.json,1,Unknown Failure,生成失败,,"Traceback (most recent call last):
  File ""/home/ubuntu/SYAN/GRADUATE/TeRL/Step5-Evaluate/baseline/CrossProbe-master/results_single/165810_issue_ori_data.py"", line 3, in <module>
    class inner_f(torch.nn.Module):
NameError: name 'torch' is not defined
"
run_165838_issue_ori_data.json,1,Missing Dependency,执行失败,,"Traceback (most recent call last):
  File ""/home/ubuntu/SYAN/GRADUATE/TeRL/Step5-Evaluate/baseline/CrossProbe-master/results_single/165838_issue_ori_data.py"", line 6, in <module>
    from torch.nn.attention.flex_attention import flex_attention, create_block_mask
ModuleNotFoundError: No module named 'torch.nn.attention'
"
run_165854_issue_ori_data.json,1,Missing Dependency,执行失败,,"Traceback (most recent call last):
  File ""/home/ubuntu/SYAN/GRADUATE/TeRL/Step5-Evaluate/baseline/CrossProbe-master/results_single/165854_issue_ori_data.py"", line 4, in <module>
    from torch.nn.attention.flex_attention import flex_attention, create_block_mask, noop_mask
ModuleNotFoundError: No module named 'torch.nn.attention'
"
run_165861_issue_ori_data.json,1,Unknown Failure,生成失败,"constant pad ok
","Traceback (most recent call last):
  File ""/home/ubuntu/SYAN/GRADUATE/TeRL/Step5-Evaluate/baseline/CrossProbe-master/results_single/165861_issue_ori_data.py"", line 20, in <module>
    F.pad(x, (1, 1), mode=""circular"")
RuntimeError: Invalid padding size, expected 0 but got 2
"
run_165870_issue_ori_data.json,1,Unknown Failure,生成失败,,"Traceback (most recent call last):
  File ""/home/ubuntu/SYAN/GRADUATE/TeRL/Step5-Evaluate/baseline/CrossProbe-master/results_single/165870_issue_ori_data.py"", line 5, in <module>
    t = torch.tensor([[1.0, 2.0], [2.0, 4.0]], device=""mps"")
RuntimeError: PyTorch is not linked with support for mps devices
"
run_165873_issue_ori_data.json,0,Success,生成成功,,
run_165892_issue_ori_data.json,1,API Misuse,生成失败,,"Traceback (most recent call last):
  File ""/home/ubuntu/SYAN/GRADUATE/TeRL/Step5-Evaluate/baseline/CrossProbe-master/results_single/165892_issue_ori_data.py"", line 8, in <module>
    @torch.compile
AttributeError: module 'torch' has no attribute 'compile'
"
run_165911_issue_ori_data.json,1,Assertion Mismatch,生成成功，并且找到错误,,"Traceback (most recent call last):
  File ""/home/ubuntu/SYAN/GRADUATE/TeRL/Step5-Evaluate/baseline/CrossProbe-master/results_single/165911_issue_ori_data.py"", line 22, in <module>
    assert torch.equal(compute(x, w), chunked_compute(x, w))
  File ""/home/ubuntu/SYAN/GRADUATE/TeRL/Step5-Evaluate/baseline/CrossProbe-master/results_single/165911_issue_ori_data.py"", line 14, in chunked_compute
    torch._check(sz <= 8)
AttributeError: module 'torch' has no attribute '_check'
"
run_165948_issue_ori_data.json,1,Environment Failure,生成失败,,"Traceback (most recent call last):
  File ""/home/ubuntu/SYAN/GRADUATE/TeRL/Step5-Evaluate/baseline/CrossProbe-master/results_single/165948_issue_ori_data.py"", line 5, in <module>
    from torch._dynamo.functional_export import _dynamo_graph_capture_for_export
ModuleNotFoundError: No module named 'torch._dynamo'
"
run_165951_issue_ori_data.json,1,Environment Failure,生成失败,,"Traceback (most recent call last):
  File ""/home/ubuntu/SYAN/GRADUATE/TeRL/Step5-Evaluate/baseline/CrossProbe-master/results_single/165951_issue_ori_data.py"", line 6, in <module>
    from torch._dynamo.functional_export import _dynamo_graph_capture_for_export
ModuleNotFoundError: No module named 'torch._dynamo'
"
run_165964_issue_ori_data.json,0,Success,生成成功,"1.0
",
run_166034_issue_ori_data.json,1,API Misuse,生成失败,,"Traceback (most recent call last):
  File ""/home/ubuntu/SYAN/GRADUATE/TeRL/Step5-Evaluate/baseline/CrossProbe-master/results_single/166034_issue_ori_data.py"", line 22, in <module>
    my_module_traced = torch.export.export(my_module, inputs)
AttributeError: module 'torch' has no attribute 'export'
"
run_166042_issue_ori_data.json,1,API Misuse,生成失败,,"Traceback (most recent call last):
  File ""/home/ubuntu/SYAN/GRADUATE/TeRL/Step5-Evaluate/baseline/CrossProbe-master/results_single/166042_issue_ori_data.py"", line 4, in <module>
    torch._dynamo.config.capture_scalar_outputs = True
AttributeError: module 'torch' has no attribute '_dynamo'
"
run_166068_issue_ori_data.json,1,API Misuse,生成失败,,"Traceback (most recent call last):
  File ""/home/ubuntu/SYAN/GRADUATE/TeRL/Step5-Evaluate/baseline/CrossProbe-master/results_single/166068_issue_ori_data.py"", line 6, in <module>
    print(version.parse(torch.version.hip))
  File ""/home/ubuntu/miniconda3/envs/TeRL-Running/lib/python3.7/site-packages/packaging/version.py"", line 54, in parse
    return Version(version)
  File ""/home/ubuntu/miniconda3/envs/TeRL-Running/lib/python3.7/site-packages/packaging/version.py"", line 198, in __init__
    mat"
run_166104_issue_ori_data.json,1,API Misuse,生成失败,,"Traceback (most recent call last):
  File ""/home/ubuntu/SYAN/GRADUATE/TeRL/Step5-Evaluate/baseline/CrossProbe-master/results_single/166104_issue_ori_data.py"", line 6, in <module>
    torch.set_default_device('cuda')
AttributeError: module 'torch' has no attribute 'set_default_device'
"
run_166110_issue_ori_data.json,1,Missing Dependency,执行失败,,"Traceback (most recent call last):
  File ""/home/ubuntu/SYAN/GRADUATE/TeRL/Step5-Evaluate/baseline/CrossProbe-master/results_single/166110_issue_ori_data.py"", line 9, in <module>
    from hyperpyyaml import load_hyperpyyaml
ModuleNotFoundError: No module named 'hyperpyyaml'
"
run_166176_issue_ori_data.json,1,API Misuse,生成失败,,"Traceback (most recent call last):
  File ""/home/ubuntu/SYAN/GRADUATE/TeRL/Step5-Evaluate/baseline/CrossProbe-master/results_single/166176_issue_ori_data.py"", line 13, in <module>
    opt_m = torch.compile(fn, backend=""eager"")
AttributeError: module 'torch' has no attribute 'compile'
"
run_166237_issue_ori_data.json,1,Unknown Failure,生成失败,,"Traceback (most recent call last):
  File ""/home/ubuntu/SYAN/GRADUATE/TeRL/Step5-Evaluate/baseline/CrossProbe-master/results_single/166237_issue_ori_data.py"", line 9, in <module>
    x_mps = x_cpu.detach().to(""mps"").requires_grad_(True)
RuntimeError: PyTorch is not linked with support for mps devices
"
run_166245_issue_ori_data.json,1,API Misuse,生成失败,,"Traceback (most recent call last):
  File ""/home/ubuntu/SYAN/GRADUATE/TeRL/Step5-Evaluate/baseline/CrossProbe-master/results_single/166245_issue_ori_data.py"", line 4, in <module>
    torch._dynamo.config.capture_scalar_outputs = True
AttributeError: module 'torch' has no attribute '_dynamo'
"
run_166253_issue_ori_data.json,1,API Misuse,生成失败,,"Traceback (most recent call last):
  File ""/home/ubuntu/SYAN/GRADUATE/TeRL/Step5-Evaluate/baseline/CrossProbe-master/results_single/166253_issue_ori_data.py"", line 10, in <module>
    func_jit = torch.compile(func_nojit)
AttributeError: module 'torch' has no attribute 'compile'
"
run_166270_issue_ori_data.json,1,API Misuse,生成失败,,"Traceback (most recent call last):
  File ""/home/ubuntu/SYAN/GRADUATE/TeRL/Step5-Evaluate/baseline/CrossProbe-master/results_single/166270_issue_ori_data.py"", line 4, in <module>
    torch._dynamo.config.capture_scalar_outputs = True
AttributeError: module 'torch' has no attribute '_dynamo'
"
run_166279_issue_ori_data.json,1,API Misuse,生成失败,,"Traceback (most recent call last):
  File ""/home/ubuntu/SYAN/GRADUATE/TeRL/Step5-Evaluate/baseline/CrossProbe-master/results_single/166279_issue_ori_data.py"", line 4, in <module>
    torch._dynamo.config.capture_scalar_outputs = True
AttributeError: module 'torch' has no attribute '_dynamo'
"
run_166290_issue_ori_data.json,1,API Misuse,生成失败,,"Traceback (most recent call last):
  File ""/home/ubuntu/SYAN/GRADUATE/TeRL/Step5-Evaluate/baseline/CrossProbe-master/results_single/166290_issue_ori_data.py"", line 4, in <module>
    torch._dynamo.config.capture_scalar_outputs = True
AttributeError: module 'torch' has no attribute '_dynamo'
"
run_166305_issue_ori_data.json,1,Environment Failure,生成失败,,"Traceback (most recent call last):
  File ""/home/ubuntu/SYAN/GRADUATE/TeRL/Step5-Evaluate/baseline/CrossProbe-master/results_single/166305_issue_ori_data.py"", line 6, in <module>
    import torch._dynamo as dynamo
ModuleNotFoundError: No module named 'torch._dynamo'
"
run_166319_issue_ori_data.json,1,API Misuse,生成失败,,"Traceback (most recent call last):
  File ""/home/ubuntu/SYAN/GRADUATE/TeRL/Step5-Evaluate/baseline/CrossProbe-master/results_single/166319_issue_ori_data.py"", line 4, in <module>
    torch._dynamo.config.capture_scalar_outputs = True
AttributeError: module 'torch' has no attribute '_dynamo'
"
run_166360_issue_ori_data.json,0,Success,生成成功,"tensor1: tensor([0.9360, 0.8773], device='cuda:0'), tensor2: tensor([0.1861, 0.6071], device='cuda:1')
combined tensor - Cuda: tensor([0.9360, 0.8773, 0.1861, 0.6071], device='cuda:0')
combined tensor - CPU: tensor([0.9360, 0.8773, 0.1861, 0.6071])
",
run_166413_issue_ori_data.json,1,Unknown Failure,生成失败,,"Traceback (most recent call last):
  File ""/home/ubuntu/SYAN/GRADUATE/TeRL/Step5-Evaluate/baseline/CrossProbe-master/results_single/166413_issue_ori_data.py"", line 10, in <module>
    reveal_type(double)
NameError: name 'reveal_type' is not defined
"
run_166415_issue_ori_data.json,1,Missing Dependency,执行失败,,"Traceback (most recent call last):
  File ""/home/ubuntu/SYAN/GRADUATE/TeRL/Step5-Evaluate/baseline/CrossProbe-master/results_single/166415_issue_ori_data.py"", line 5, in <module>
    import torch_tensorrt
ModuleNotFoundError: No module named 'torch_tensorrt'
"
run_166513_issue_ori_data.json,1,Missing Dependency,执行失败,,"Traceback (most recent call last):
  File ""/home/ubuntu/SYAN/GRADUATE/TeRL/Step5-Evaluate/baseline/CrossProbe-master/results_single/166513_issue_ori_data.py"", line 8, in <module>
    import cv2
ModuleNotFoundError: No module named 'cv2'
"
run_166582_issue_ori_data.json,1,Environment Failure,生成失败,,"Traceback (most recent call last):
  File ""/home/ubuntu/SYAN/GRADUATE/TeRL/Step5-Evaluate/baseline/CrossProbe-master/results_single/166582_issue_ori_data.py"", line 4, in <module>
    import torch._dynamo
ModuleNotFoundError: No module named 'torch._dynamo'
"
run_166589_issue_ori_data.json,0,Success,生成成功,,
run_166630_issue_ori_data.json,1,Unknown Failure,生成失败,,"Traceback (most recent call last):
  File ""/home/ubuntu/SYAN/GRADUATE/TeRL/Step5-Evaluate/baseline/CrossProbe-master/results_single/166630_issue_ori_data.py"", line 3, in <module>
    logger.info(
NameError: name 'logger' is not defined
"
run_166719_issue_ori_data.json,0,Success,生成成功,,
run_166797_issue_ori_data.json,1,Missing Dependency,执行失败,,"Traceback (most recent call last):
  File ""/home/ubuntu/SYAN/GRADUATE/TeRL/Step5-Evaluate/baseline/CrossProbe-master/results_single/166797_issue_ori_data.py"", line 12, in <module>
    from torchvision.models import resnet50, ResNet50_Weights
  File ""/home/ubuntu/miniconda3/envs/TeRL-Running/lib/python3.7/site-packages/torchvision/__init__.py"", line 5, in <module>
    from torchvision import datasets, io, models, ops, transforms, utils
  File ""/home/ubuntu/miniconda3/envs/TeRL-Running/lib/python3"
run_166841_issue_ori_data.json,1,Missing Dependency,执行失败,,"Traceback (most recent call last):
  File ""/home/ubuntu/SYAN/GRADUATE/TeRL/Step5-Evaluate/baseline/CrossProbe-master/results_single/166841_issue_ori_data.py"", line 4, in <module>
    import torch.export
ModuleNotFoundError: No module named 'torch.export'
"
run_166888_issue_ori_data.json,1,API Misuse,生成失败,,"Traceback (most recent call last):
  File ""/home/ubuntu/SYAN/GRADUATE/TeRL/Step5-Evaluate/baseline/CrossProbe-master/results_single/166888_issue_ori_data.py"", line 8, in <module>
    compiled_func = torch.compile(f, backend='inductor', fullgraph=True)
AttributeError: module 'torch' has no attribute 'compile'
"
run_166900_issue_ori_data.json,1,API Misuse,生成失败,,"Traceback (most recent call last):
  File ""/home/ubuntu/SYAN/GRADUATE/TeRL/Step5-Evaluate/baseline/CrossProbe-master/results_single/166900_issue_ori_data.py"", line 16, in <module>
    pytree.register_constant(Bar)
AttributeError: module 'torch.utils._pytree' has no attribute 'register_constant'
"
run_166906_issue_ori_data.json,0,Success,生成成功,,
run_166918_issue_ori_data.json,1,Missing Dependency,执行失败,,"Traceback (most recent call last):
  File ""/home/ubuntu/SYAN/GRADUATE/TeRL/Step5-Evaluate/baseline/CrossProbe-master/results_single/166918_issue_ori_data.py"", line 9, in <module>
    from torch.distributed._functional_collectives import broadcast
ModuleNotFoundError: No module named 'torch.distributed._functional_collectives'
"
run_166941_issue_ori_data.json,,Unknown Failure,生成失败,"Validating 1024 tensors with 1024 shards each...

Progress: 100/1024 tensors, avg=436.4ms/tensor, estimated total=446.9s
Progress: 200/1024 tensors, avg=433.0ms/tensor, estimated total=443.4s
","
[Timeout after 120s]"
run_167064_issue_ori_data.json,1,Unknown Failure,生成失败,,"Traceback (most recent call last):
  File ""/home/ubuntu/SYAN/GRADUATE/TeRL/Step5-Evaluate/baseline/CrossProbe-master/results_single/167064_issue_ori_data.py"", line 3, in <module>
    torch.distributions.Distribution.set_default_validate_args(False)
NameError: name 'torch' is not defined
"
run_167154_issue_ori_data.json,1,Unknown Failure,生成失败,,"Traceback (most recent call last):
  File ""/home/ubuntu/SYAN/GRADUATE/TeRL/Step5-Evaluate/baseline/CrossProbe-master/results_single/167154_issue_ori_data.py"", line 6, in <module>
    weight = torch.rand((768, 768), device=""mps"", dtype=torch.float32)
NotImplementedError: Could not run 'aten::empty.memory_format' with arguments from the 'MPS' backend. This could be because the operator doesn't exist for this backend, or was omitted during the selective/custom build process (if using custom build)."
run_167263_issue_ori_data.json,0,Success,生成成功,"forward strides torch.Size([20, 4, 128]) (512, 128, 1)
values_view hook - shape: torch.Size([20, 4, 128]), stride: (512, 1, 4)
",
run_167319_issue_ori_data.json,1,Missing Dependency,执行失败,,"Traceback (most recent call last):
  File ""/home/ubuntu/SYAN/GRADUATE/TeRL/Step5-Evaluate/baseline/CrossProbe-master/results_single/167319_issue_ori_data.py"", line 5, in <module>
    from omegaconf import OmegaConf
ModuleNotFoundError: No module named 'omegaconf'
"
run_167369_issue_ori_data.json,1,API Misuse,生成失败,,"Traceback (most recent call last):
  File ""/home/ubuntu/SYAN/GRADUATE/TeRL/Step5-Evaluate/baseline/CrossProbe-master/results_single/167369_issue_ori_data.py"", line 21, in <module>
    compiled = torch.compile(forward, fullgraph=True)
AttributeError: module 'torch' has no attribute 'compile'
"
run_167393_issue_ori_data.json,1,API Misuse,生成失败,,"Traceback (most recent call last):
  File ""/home/ubuntu/SYAN/GRADUATE/TeRL/Step5-Evaluate/baseline/CrossProbe-master/results_single/167393_issue_ori_data.py"", line 5, in <module>
    torch._dynamo.config.nested_graph_breaks = True
AttributeError: module 'torch' has no attribute '_dynamo'
"
run_167462_issue_ori_data.json,0,Success,生成成功,"torch: 1.13.1+cu116, topk latency: 8.528370327419704ms
",
run_167499_issue_ori_data.json,1,Missing Dependency,执行失败,,"Traceback (most recent call last):
  File ""/home/ubuntu/SYAN/GRADUATE/TeRL/Step5-Evaluate/baseline/CrossProbe-master/results_single/167499_issue_ori_data.py"", line 3, in <module>
    from torch.utils.cpp_extension import get_cxx_compiler, check_compiler_is_gcc
ImportError: cannot import name 'get_cxx_compiler' from 'torch.utils.cpp_extension' (/home/ubuntu/miniconda3/envs/TeRL-Running/lib/python3.7/site-packages/torch/utils/cpp_extension.py)
"
run_167515_issue_ori_data.json,1,Unknown Failure,生成失败,,"Traceback (most recent call last):
  File ""/home/ubuntu/SYAN/GRADUATE/TeRL/Step5-Evaluate/baseline/CrossProbe-master/results_single/167515_issue_ori_data.py"", line 3, in <module>
    @pytest.mark.parametrize(""device"", [""cpu"", ""mps""])
NameError: name 'pytest' is not defined
"
run_167602_issue_ori_data.json,1,Missing Dependency,执行失败,,"Traceback (most recent call last):
  File ""/home/ubuntu/SYAN/GRADUATE/TeRL/Step5-Evaluate/baseline/CrossProbe-master/results_single/167602_issue_ori_data.py"", line 4, in <module>
    from diffusers import StableDiffusionPipeline, DPMSolverMultistepScheduler
ModuleNotFoundError: No module named 'diffusers'
"
run_167639_issue_ori_data.json,1,API Misuse,生成失败,"Original model output shape: torch.Size([4, 1])
","Traceback (most recent call last):
  File ""/home/ubuntu/SYAN/GRADUATE/TeRL/Step5-Evaluate/baseline/CrossProbe-master/results_single/167639_issue_ori_data.py"", line 50, in <module>
    main()
  File ""/home/ubuntu/SYAN/GRADUATE/TeRL/Step5-Evaluate/baseline/CrossProbe-master/results_single/167639_issue_ori_data.py"", line 41, in main
    compiled_model = torch.compile(model)
AttributeError: module 'torch' has no attribute 'compile'
"
run_167644_issue_ori_data.json,0,Success,生成成功,,
run_167699_issue_ori_data.json,1,API Misuse,生成失败,,"Traceback (most recent call last):
  File ""/home/ubuntu/SYAN/GRADUATE/TeRL/Step5-Evaluate/baseline/CrossProbe-master/results_single/167699_issue_ori_data.py"", line 9, in <module>
    @torch.compile
AttributeError: module 'torch' has no attribute 'compile'
"
run_167706_issue_ori_data.json,1,Unknown Failure,生成失败,,"Traceback (most recent call last):
  File ""/home/ubuntu/SYAN/GRADUATE/TeRL/Step5-Evaluate/baseline/CrossProbe-master/results_single/167706_issue_ori_data.py"", line 3, in <module>
    triton_tem_fused__fused_rms_norm__to_copy_mul_split_with_sizes_transpose_view_zeros_26
NameError: name 'triton_tem_fused__fused_rms_norm__to_copy_mul_split_with_sizes_transpose_view_zeros_26' is not defined
"
run_167707_issue_ori_data.json,0,Success,生成成功,,"WARNING:2026-07-05 00:54:43 8544:8544 init.cpp:111] function cbapi.getCuptiStatus() failed with error CUPTI_ERROR_NOT_INITIALIZED (15)
WARNING:2026-07-05 00:54:43 8544:8544 init.cpp:112] CUPTI initialization failed - CUDA profiler activities will be missing
INFO:2026-07-05 00:54:43 8544:8544 init.cpp:114] If you see CUPTI_ERROR_INSUFFICIENT_PRIVILEGES, refer to https://developer.nvidia.com/nvidia-development-tools-solutions-err-nvgpuctrperm-cupti
STAGE:2026-07-05 00:54:43 8544:8544 ActivityProfi"
run_167716_issue_ori_data.json,0,Success,生成成功,,
run_167727_issue_ori_data.json,1,Unknown Failure,生成失败,,"Traceback (most recent call last):
  File ""/home/ubuntu/SYAN/GRADUATE/TeRL/Step5-Evaluate/baseline/CrossProbe-master/results_single/167727_issue_ori_data.py"", line 6, in <module>
    a = torch.rand((64, 300), dtype=torch.complex64, device=""mps"")
NotImplementedError: Could not run 'aten::empty.memory_format' with arguments from the 'MPS' backend. This could be because the operator doesn't exist for this backend, or was omitted during the selective/custom build process (if using custom build). If "
run_167745_issue_ori_data.json,1,Unknown Failure,生成失败,,"Traceback (most recent call last):
  File ""/home/ubuntu/SYAN/GRADUATE/TeRL/Step5-Evaluate/baseline/CrossProbe-master/results_single/167745_issue_ori_data.py"", line 3, in <module>
    pool1 = make_custom_pool(1)
NameError: name 'make_custom_pool' is not defined
"
run_167767_issue_ori_data.json,1,Unknown Failure,生成失败,,"Traceback (most recent call last):
  File ""/home/ubuntu/SYAN/GRADUATE/TeRL/Step5-Evaluate/baseline/CrossProbe-master/results_single/167767_issue_ori_data.py"", line 5, in <module>
    a = torch.zeros(1, device='mps')
NotImplementedError: Could not run 'aten::empty.memory_format' with arguments from the 'MPS' backend. This could be because the operator doesn't exist for this backend, or was omitted during the selective/custom build process (if using custom build). If you are a Facebook employee us"
run_167776_issue_ori_data.json,1,Missing Dependency,执行失败,,"Traceback (most recent call last):
  File ""/home/ubuntu/SYAN/GRADUATE/TeRL/Step5-Evaluate/baseline/CrossProbe-master/results_single/167776_issue_ori_data.py"", line 7, in <module>
    from torch._inductor.pattern_matcher import PatternMatcherPass, register_replacement, fwd_only
ModuleNotFoundError: No module named 'torch._inductor'
"
run_167789_issue_ori_data.json,1,API Misuse,生成失败,,"Traceback (most recent call last):
  File ""/home/ubuntu/SYAN/GRADUATE/TeRL/Step5-Evaluate/baseline/CrossProbe-master/results_single/167789_issue_ori_data.py"", line 11, in <module>
    @torch.compile(backend=""eager"")
AttributeError: module 'torch' has no attribute 'compile'
"
run_167904_issue_ori_data.json,1,API Misuse,生成失败,,"Traceback (most recent call last):
  File ""/home/ubuntu/SYAN/GRADUATE/TeRL/Step5-Evaluate/baseline/CrossProbe-master/results_single/167904_issue_ori_data.py"", line 26, in <module>
    report=True
TypeError: export() got an unexpected keyword argument 'dynamo'
"
run_167910_issue_ori_data.json,0,Success,生成成功,,
run_167924_issue_ori_data.json,1,Unknown Failure,生成失败,,"Traceback (most recent call last):
  File ""/home/ubuntu/SYAN/GRADUATE/TeRL/Step5-Evaluate/baseline/CrossProbe-master/results_single/167924_issue_ori_data.py"", line 5, in <module>
    counts = torch.tensor([0, 1, 0], device=""mps"")
RuntimeError: PyTorch is not linked with support for mps devices
"
run_167974_issue_ori_data.json,0,Success,生成成功,,
run_167977_issue_ori_data.json,1,Missing Dependency,执行失败,,"Traceback (most recent call last):
  File ""/home/ubuntu/SYAN/GRADUATE/TeRL/Step5-Evaluate/baseline/CrossProbe-master/results_single/167977_issue_ori_data.py"", line 4, in <module>
    from torch.distributed.tensor import distribute_tensor, Replicate
ModuleNotFoundError: No module named 'torch.distributed.tensor'
"
run_168071_issue_ori_data.json,1,Unknown Failure,生成失败,,"Traceback (most recent call last):
  File ""/home/ubuntu/SYAN/GRADUATE/TeRL/Step5-Evaluate/baseline/CrossProbe-master/results_single/168071_issue_ori_data.py"", line 6, in <module>
    x0, (0, 0, 0, 24)
RuntimeError: The input size 0, plus negative padding 0 and 0 resulted in a negative output size, which is invalid. Check dimension 1 of your input.
"
run_168075_issue_ori_data.json,0,Success,生成成功,"Original model:
9
Scripted model:
9.
",
run_168134_issue_ori_data.json,1,Code Generation Error,生成失败,,"  File ""<fstring>"", line 1
    (torch.distributed.get_rank()=)
                                 ^
SyntaxError: invalid syntax
"
run_168210_issue_ori_data.json,1,Unknown Failure,生成失败,,"Traceback (most recent call last):
  File ""/home/ubuntu/miniconda3/envs/TeRL-Running/lib/python3.7/site-packages/transformers/configuration_utils.py"", line 609, in _get_config_dict
    user_agent=user_agent,
  File ""/home/ubuntu/miniconda3/envs/TeRL-Running/lib/python3.7/site-packages/transformers/utils/hub.py"", line 292, in cached_path
    local_files_only=local_files_only,
  File ""/home/ubuntu/miniconda3/envs/TeRL-Running/lib/python3.7/site-packages/transformers/utils/hub.py"", line 479, in get"
run_168240_issue_ori_data.json,1,Missing Dependency,执行失败,,"Traceback (most recent call last):
  File ""/home/ubuntu/SYAN/GRADUATE/TeRL/Step5-Evaluate/baseline/CrossProbe-master/results_single/168240_issue_ori_data.py"", line 4, in <module>
    import torchvision
  File ""/home/ubuntu/miniconda3/envs/TeRL-Running/lib/python3.7/site-packages/torchvision/__init__.py"", line 5, in <module>
    from torchvision import datasets, io, models, ops, transforms, utils
  File ""/home/ubuntu/miniconda3/envs/TeRL-Running/lib/python3.7/site-packages/torchvision/models/__in"
run_168251_issue_ori_data.json,1,API Misuse,生成失败,"Model executed successfully!
Input shape: torch.Size([32, 784])
Reconstruction shape: 784
Mu shape: torch.Size([32, 20])
Log_var shape: torch.Size([32, 20])
Model parameters: 973624
","Traceback (most recent call last):
  File ""/home/ubuntu/SYAN/GRADUATE/TeRL/Step5-Evaluate/baseline/CrossProbe-master/results_single/168251_issue_ori_data.py"", line 69, in <module>
    main()
  File ""/home/ubuntu/SYAN/GRADUATE/TeRL/Step5-Evaluate/baseline/CrossProbe-master/results_single/168251_issue_ori_data.py"", line 64, in main
    compiled_model = torch.compile(model)
AttributeError: module 'torch' has no attribute 'compile'
"
run_168373_issue_ori_data.json,1,Environment Failure,生成失败,,"Traceback (most recent call last):
  File ""/home/ubuntu/SYAN/GRADUATE/TeRL/Step5-Evaluate/baseline/CrossProbe-master/results_single/168373_issue_ori_data.py"", line 4, in <module>
    from torch._dynamo.backends.common import aot_autograd
ModuleNotFoundError: No module named 'torch._dynamo'
"
