file,main_api,raw_response
results\TensorFLow\159987_issue_ori_data.py,tf.distribute.MirroredStrategy,tf.distribute.MirroredStrategy
results\TensorFLow\159991_issue_ori_data.py,tf.random.uniform,tf.random.uniform
results\TensorFLow\160141_issue_ori_data.py,tf.keras.layers.LSTM,tf.keras.layers.LSTM
results\TensorFLow\160237_issue_ori_data.py,tfa.image.resampler,tfa.image.resampler
results\TensorFLow\160243_issue_ori_data.py,tf.identity,tf.identity
results\TensorFLow\160397_issue_ori_data.py,tf.experimental.numpy.finfo,tf.experimental.numpy.finfo
results\TensorFLow\160407_issue_ori_data.py,tf.keras.layers.LazyLayer,tf.keras.layers.LazyLayer
results\TensorFLow\160425_issue_ori_data.py,tf.data.experimental.sample_from_datasets,tf.data.experimental.sample_from_datasets
results\TensorFLow\160437_issue_ori_data.py,tf.function,tf.function
results\TensorFLow\160471_issue_ori_data.py,tf.function,tf.function
results\TensorFLow\160507_issue_ori_data.py,tf.recompute_grad,tf.recompute_grad
results\TensorFLow\160521_issue_ori_data.py,torch,torch
results\TensorFLow\160534_issue_ori_data.py,tf.recompute_grad,tf.recompute_grad
results\TensorFLow\160535_issue_ori_data.py,tf.lite.TFLiteConverter,tf.lite.TFLiteConverter
results\TensorFLow\160575_issue_ori_data.py,tf.sysconfig.get_build_info,tf.sysconfig.get_build_info
results\TensorFLow\160612_issue_ori_data.py,tf.keras.layers.Dense,tf.keras.layers.Dense
results\TensorFLow\160727_issue_ori_data.py,tf.nn.bias_add,tf.nn.bias_add
results\TensorFLow\160804_issue_ori_data.py,tf.config.list_physical_devices,tf.config.list_physical_devices
results\TensorFLow\160809_issue_ori_data.py,tf.config.experimental.synchronize_execution,tf.config.experimental.synchronize_execution
results\TensorFLow\160898_issue_ori_data.py,tf.__version__,tf.__version__
results\TensorFLow\160946_issue_ori_data.py,tfa.image.resampler,tfa.image.resampler
results\TensorFLow\160947_issue_ori_data.py,tfa.image.resampler_3d,tfa.image.resampler_3d
results\TensorFLow\160960_issue_ori_data.py,tf.sysconfig.get_build_info,tf.sysconfig.get_build_info
results\TensorFLow\160969_issue_ori_data.py,tf.saved_model,tf.saved_model
results\TensorFLow\160993_issue_ori_data.py,tf.tensor_scatter_nd_update,tf.tensor_scatter_nd_update
results\TensorFLow\161010_issue_ori_data.py,tf.linalg.triangular_solve,tf.linalg.triangular_solve
results\TensorFLow\161244_issue_ori_data.py,transformers.TFLlama4ForConditionalGeneration,transformers.TFLlama4ForConditionalGeneration
results\TensorFLow\161252_issue_ori_data.py,tf.nn.softmax,tf.nn.softmax
results\TensorFLow\161276_issue_ori_data.py,tf.function,tf.function
results\TensorFLow\161361_issue_ori_data.py,tf.GradientTape,tf.GradientTape
results\TensorFLow\161372_issue_ori_data.py,tf.function,tf.function
results\TensorFLow\161422_issue_ori_data.py,tf.keras.Sequential,tf.keras.Sequential
results\TensorFLow\161483_issue_ori_data.py,tf.config.list_physical_devices,tf.config.list_physical_devices
results\TensorFLow\161523_issue_ori_data.py,tf.keras.Model.save,tf.keras.Model.save
results\TensorFLow\161542_issue_ori_data.py,tf.function,tf.function
results\TensorFLow\161580_issue_ori_data.py,tf.keras.Model.evaluate,tf.keras.Model.evaluate
results\TensorFLow\161581_issue_ori_data.py,tf.keras.mixed_precision,tf.keras.mixed_precision
results\TensorFLow\161584_issue_ori_data.py,tensorflow,tensorflow
results\TensorFLow\161638_issue_ori_data.py,tf.math.reduce_logsumexp,tf.math.reduce_logsumexp
results\TensorFLow\161691_issue_ori_data.py,tf.identity,tf.identity
results\TensorFLow\161697_issue_ori_data.py,tf.config.list_physical_devices,tf.config.list_physical_devices
results\TensorFLow\161714_issue_ori_data.py,torch.backends.cudnn.benchmark,torch.backends.cudnn.benchmark
results\TensorFLow\161725_issue_ori_data.py,tf.math.gamma,tf.math.gamma
results\TensorFLow\161729_issue_ori_data.py,tf.einsum,tf.einsum
results\TensorFLow\161758_issue_ori_data.py,tf.function,tf.function
results\TensorFLow\161858_issue_ori_data.py,tf.Tensor.numpy,tf.Tensor.numpy
results\TensorFLow\161859_issue_ori_data.py,tf.is_complex,tf.is_complex
results\TensorFLow\161861_issue_ori_data.py,tf.keras.mixed_precision.set_global_policy,tf.keras.mixed_precision.set_global_policy
results\TensorFLow\161873_issue_ori_data.py,tf.transpose,tf.transpose
results\TensorFLow\161878_issue_ori_data.py,tf.function,tf.function
results\TensorFLow\161899_issue_ori_data.py,tf.fill_like,tf.fill_like
results\TensorFLow\162071_issue_ori_data.py,tf.empty,tf.empty
results\TensorFLow\162113_issue_ori_data.py,tf.experimental.dlpack.to_dlpack,tf.experimental.dlpack.to_dlpack
results\TensorFLow\162116_issue_ori_data.py,tf.broadcast_dynamic_shape,tf.broadcast_dynamic_shape
results\TensorFLow\162128_issue_ori_data.py,tf.GradientTape,tf.GradientTape
results\TensorFLow\162141_issue_ori_data.py,tf.GradientTape,tf.GradientTape
results\TensorFLow\162230_issue_ori_data.py,tf.Variable,tf.Variable
results\TensorFLow\162242_issue_ori_data.py,tf.tensor_scatter_nd_update,tf.tensor_scatter_nd_update
results\TensorFLow\162255_issue_ori_data.py,tf.multiply,tf.multiply
results\TensorFLow\162279_issue_ori_data.py,tf.reduce_any,tf.reduce_any
results\TensorFLow\162313_issue_ori_data.py,tf.function,tf.function
results\TensorFLow\162333_issue_ori_data.py,tf.config.list_physical_devices,tf.config.list_physical_devices
results\TensorFLow\162357_issue_ori_data.py,tf.function,tf.function
results\TensorFLow\162379_issue_ori_data.py,tf.GradientTape,tf.GradientTape
results\TensorFLow\162403_issue_ori_data.py,tf.config.list_physical_devices,tf.config.list_physical_devices
results\TensorFLow\162408_issue_ori_data.py,tf.math.cumsum,tf.math.cumsum
results\TensorFLow\162480_issue_ori_data.py,tf.shape,tf.shape
results\TensorFLow\162613_issue_ori_data.py,,
results\TensorFLow\162683_issue_ori_data.py,tf.matmul,tf.matmul
results\TensorFLow\162714_issue_ori_data.py,tf.tensor_split,tf.tensor_split
results\TensorFLow\162723_issue_ori_data.py,tf.function,tf.function
results\TensorFLow\162798_issue_ori_data.py,tf.math.reduce_median,tf.math.reduce_median
results\TensorFLow\162801_issue_ori_data.py,tf.quantization.quantize,tf.quantization.quantize
results\TensorFLow\162805_issue_ori_data.py,tf.linalg.eigh,tf.linalg.eigh
results\TensorFLow\162858_issue_ori_data.py,tf.function,tf.function
results\TensorFLow\162860_issue_ori_data.py,tf.function,tf.function
results\TensorFLow\162876_issue_ori_data.py,tf.reduce_min,tf.reduce_min
results\TensorFLow\162882_issue_ori_data.py,tf.reduce_sum,tf.reduce_sum
results\TensorFLow\162908_issue_ori_data.py,tf.experimental.extension_type,tf.experimental.extension_type
results\TensorFLow\162909_issue_ori_data.py,tf.config.experimental.get_memory_info,tf.config.experimental.get_memory_info
results\TensorFLow\162938_issue_ori_data.py,tf.config.list_physical_devices,tf.config.list_physical_devices
results\TensorFLow\162939_issue_ori_data.py,tf.sysconfig,tf.sysconfig
results\TensorFLow\162976_issue_ori_data.py,tf.nn.scaled_dot_product_attention,tf.nn.scaled_dot_product_attention
results\TensorFLow\163026_issue_ori_data.py,scaled_dot_product_attention,scaled_dot_product_attention
results\TensorFLow\163032_issue_ori_data.py,None,None
results\TensorFLow\163035_issue_ori_data.py,tf.tensor_scatter_nd_update,tf.tensor_scatter_nd_update
results\TensorFLow\163045_issue_ori_data.py,tf.function,tf.function
results\TensorFLow\163093_issue_ori_data.py,tf.keras.callbacks.ReduceLROnPlateau,tf.keras.callbacks.ReduceLROnPlateau
results\TensorFLow\163103_issue_ori_data.py,tf.keras.optimizers.schedules.StepDecay,tf.keras.optimizers.schedules.StepDecay
results\TensorFLow\163146_issue_ori_data.py,tf.function,tf.function
results\TensorFLow\163247_issue_ori_data.py,tf.data.Dataset.cache,tf.data.Dataset.cache
results\TensorFLow\163248_issue_ori_data.py,tf.data.Dataset.cache,tf.data.Dataset.cache
results\TensorFLow\163274_issue_ori_data.py,tf.experimental.dlpack,tf.experimental.dlpack
results\TensorFLow\163294_issue_ori_data.py,tf.stop_gradient,tf.stop_gradient
results\TensorFLow\163397_issue_ori_data.py,tf.distribute.MirroredStrategy,tf.distribute.MirroredStrategy
results\TensorFLow\163545_issue_ori_data.py,tf.sysconfig.get_build_info,tf.sysconfig.get_build_info
results\TensorFLow\163594_issue_ori_data.py,subprocess.run,subprocess.run
results\TensorFLow\163595_issue_ori_data.py,tf.time_limit,tf.time_limit
results\TensorFLow\163637_issue_ori_data.py,tf.cond,tf.cond
results\TensorFLow\163670_issue_ori_data.py,tf.function,tf.function
results\TensorFLow\163672_issue_ori_data.py,tf.Variable,tf.Variable
results\TensorFLow\163684_issue_ori_data.py,tf.config.list_physical_devices,tf.config.list_physical_devices
results\TensorFLow\163686_issue_ori_data.py,tensorflow.python.saved_model.pywrap_saved_model,tensorflow.python.saved_model.pywrap_saved_model
results\TensorFLow\163730_issue_ori_data.py,tf.einsum,tf.einsum
results\TensorFLow\163741_issue_ori_data.py,tf.distribute.MultiWorkerMirroredStrategy,tf.distribute.MultiWorkerMirroredStrategy
results\TensorFLow\163753_issue_ori_data.py,tf.keras.layers.Conv3DTranspose,tf.keras.layers.Conv3DTranspose
results\TensorFLow\163798_issue_ori_data.py,tf.function,tf.function
results\TensorFLow\163847_issue_ori_data.py,tf.test.TestCase.assertAllClose,tf.test.TestCase.assertAllClose
results\TensorFLow\163859_issue_ori_data.py,tf.nn.compute_average_loss,tf.nn.compute_average_loss
results\TensorFLow\163938_issue_ori_data.py,torch.nn.parallel.DistributedDataParallel.register_comm_hook,torch.nn.parallel.DistributedDataParallel.register_comm_hook
results\TensorFLow\163946_issue_ori_data.py,tf.matmul,tf.matmul
results\TensorFLow\163958_issue_ori_data.py,tf.identity,tf.identity
results\TensorFLow\164098_issue_ori_data.py,tf.keras.layers.Conv1D,tf.keras.layers.Conv1D
results\TensorFLow\164100_issue_ori_data.py,tf.keras.layers.Conv1D,tf.keras.layers.Conv1D
results\TensorFLow\164203_issue_ori_data.py,tf.device,tf.device
results\TensorFLow\164257_issue_ori_data.py,tf.train.Checkpoint,tf.train.Checkpoint
results\TensorFLow\164297_issue_ori_data.py,tf.data,tf.data
results\TensorFLow\164347_issue_ori_data.py,,
results\TensorFLow\164658_issue_ori_data.py,tf.function,tf.function
results\TensorFLow\164699_issue_ori_data.py,tf.lite.TFLiteConverter,tf.lite.TFLiteConverter
results\TensorFLow\164845_issue_ori_data.py,tf.matmul,tf.matmul
results\TensorFLow\165081_issue_ori_data.py,tf.nn.embedding_lookup,tf.nn.embedding_lookup
results\TensorFLow\165151_issue_ori_data.py,torchvision.models.resnet50,torchvision.models.resnet50
results\TensorFLow\165238_issue_ori_data.py,tf.__version__,tf.__version__
results\TensorFLow\165286_issue_ori_data.py,tf.keras.mixed_precision.set_global_policy,tf.keras.mixed_precision.set_global_policy
results\TensorFLow\165292_issue_ori_data.py,tf.linalg.cholesky_solve,tf.linalg.cholesky_solve
results\TensorFLow\165293_issue_ori_data.py,tf.linalg.cholesky_solve,tf.linalg.cholesky_solve
results\TensorFLow\165346_issue_ori_data.py,tf.linalg.cholesky_solve,tf.linalg.cholesky_solve
results\TensorFLow\165360_issue_ori_data.py,tf.identity,tf.identity
results\TensorFLow\165414_issue_ori_data.py,tf.Variable,tf.Variable
results\TensorFLow\165427_issue_ori_data.py,tf.math.atan2,tf.math.atan2
results\TensorFLow\165503_issue_ori_data.py,tf.tensor_scatter_nd_add,tf.tensor_scatter_nd_add
results\TensorFLow\165525_issue_ori_data.py,tf.reshape,tf.reshape
results\TensorFLow\165530_issue_ori_data.py,tf.forwarddiff.jvp,tf.forwarddiff.jvp
results\TensorFLow\165552_issue_ori_data.py,tf.keras.layers.Layer,tf.keras.layers.Layer
results\TensorFLow\165602_issue_ori_data.py,tf.linalg.solve,tf.linalg.solve
results\TensorFLow\165613_issue_ori_data.py,tf.linalg.band_part,tf.linalg.band_part
results\TensorFLow\165718_issue_ori_data.py,tf.add,tf.add
results\TensorFLow\165719_issue_ori_data.py,tf.linalg.matmul,tf.linalg.matmul
results\TensorFLow\165721_issue_ori_data.py,tf.__version__,tf.__version__
results\TensorFLow\165812_issue_ori_data.py,tf.config.list_physical_devices,tf.config.list_physical_devices
results\TensorFLow\165850_issue_ori_data.py,tf.linalg.inv,tf.linalg.inv
results\TensorFLow\165872_issue_ori_data.py,tf.config.experimental.set_memory_growth,tf.config.experimental.set_memory_growth
results\TensorFLow\165873_issue_ori_data.py,tf.Variable.assign,tf.Variable.assign
results\TensorFLow\165923_issue_ori_data.py,tf.reduce_all,tf.reduce_all
results\TensorFLow\165944_issue_ori_data.py,tf.keras.ops.attention,tf.keras.ops.attention
results\TensorFLow\166033_issue_ori_data.py,tf.function,tf.function
results\TensorFLow\166060_issue_ori_data.py,tf.config.experimental.get_device_details,tf.config.experimental.get_device_details
results\TensorFLow\166089_issue_ori_data.py,tf.linalg.matmul,tf.linalg.matmul
results\TensorFLow\166104_issue_ori_data.py,tf.random.normal,tf.random.normal
results\TensorFLow\166153_issue_ori_data.py,tf.nn.scaled_dot_product_attention,tf.nn.scaled_dot_product_attention
results\TensorFLow\166163_issue_ori_data.py,tf.keras.applications,tf.keras.applications
results\TensorFLow\166176_issue_ori_data.py,tf.function,tf.function
results\TensorFLow\166180_issue_ori_data.py,tf.io.gfile.listdir,tf.io.gfile.listdir
results\TensorFLow\166238_issue_ori_data.py,tf.function,tf.function
results\TensorFLow\166286_issue_ori_data.py,tf.config.experimental.get_tensor_float_32_execution_enabled,tf.config.experimental.get_tensor_float_32_execution_enabled
results\TensorFLow\166364_issue_ori_data.py,tf.nn.flex_attention,tf.nn.flex_attention
results\TensorFLow\166484_issue_ori_data.py,tf.time.sleep,tf.time.sleep
results\TensorFLow\166490_issue_ori_data.py,tf.linalg.inv,tf.linalg.inv
results\TensorFLow\166491_issue_ori_data.py,torch.nn.functional.rms_norm,torch.nn.functional.rms_norm
results\TensorFLow\166513_issue_ori_data.py,tf.data.Dataset.from_generator,tf.data.Dataset.from_generator
results\TensorFLow\166583_issue_ori_data.py,tf.function,tf.function
results\TensorFLow\166719_issue_ori_data.py,tf.keras.Model,tf.keras.Model
results\TensorFLow\166721_issue_ori_data.py,tf.function,tf.function
results\TensorFLow\166746_issue_ori_data.py,tf.keras.layers.Dense,tf.keras.layers.Dense
results\TensorFLow\166802_issue_ori_data.py,tf.config.experimental.set_memory_growth,tf.config.experimental.set_memory_growth
results\TensorFLow\166804_issue_ori_data.py,tf.reduce_mean,tf.reduce_mean
results\TensorFLow\166851_issue_ori_data.py,tf.function,tf.function
results\TensorFLow\167037_issue_ori_data.py,tensorflow,tensorflow
results\TensorFLow\167042_issue_ori_data.py,tf.config.list_physical_devices,tf.config.list_physical_devices
results\TensorFLow\167118_issue_ori_data.py,tf.config.list_physical_devices,tf.config.list_physical_devices
results\TensorFLow\167124_issue_ori_data.py,tf.Tensor,tf.Tensor
results\TensorFLow\167215_issue_ori_data.py,torch.nn.Linear,torch.nn.Linear
results\TensorFLow\167278_issue_ori_data.py,tf.function,tf.function
results\TensorFLow\167344_issue_ori_data.py,torch,torch
results\TensorFLow\167432_issue_ori_data.py,tf.debugging.assert_greater_equal,tf.debugging.assert_greater_equal
results\TensorFLow\167499_issue_ori_data.py,,
results\TensorFLow\167537_issue_ori_data.py,tf.distribute.MultiWorkerMirroredStrategy,tf.distribute.MultiWorkerMirroredStrategy
results\TensorFLow\167627_issue_ori_data.py,tf.nn.softmax,tf.nn.softmax
results\TensorFLow\167639_issue_ori_data.py,tf.function,tf.function
results\TensorFLow\167644_issue_ori_data.py,tensorflow,tensorflow
results\TensorFLow\167679_issue_ori_data.py,tf.config.list_physical_devices,tf.config.list_physical_devices
results\TensorFLow\167716_issue_ori_data.py,tf.sparse.matmul,tf.sparse.matmul
results\TensorFLow\167776_issue_ori_data.py,tf.function,tf.function
results\TensorFLow\167910_issue_ori_data.py,tf.function,tf.function
results\TensorFLow\167974_issue_ori_data.py,tf.keras.layers.Embedding,tf.keras.layers.Embedding
results\TensorFLow\167980_issue_ori_data.py,tf.keras.Sequential,tf.keras.Sequential
results\TensorFLow\168059_issue_ori_data.py,tf.GradientTape,tf.GradientTape
results\TensorFLow\168075_issue_ori_data.py,tf.function,tf.function
results\TensorFLow\168239_issue_ori_data.py,tf.function,tf.function
results\TensorFLow\168346_issue_ori_data.py,tf.keras.Sequential,tf.keras.Sequential
results\TensorFLow\168373_issue_ori_data.py,tf.function,tf.function
results\TensorFLow\168388_issue_ori_data.py,tf.__version__,tf.__version__
