api,count
tf.function,30
tf.config.list_physical_devices,11
tf.GradientTape,5
tf.identity,4
tf.__version__,4
tf.sysconfig.get_build_info,3
tf.tensor_scatter_nd_update,3
tf.keras.Sequential,3
tf.Variable,3
tf.matmul,3
tf.linalg.cholesky_solve,3
tf.distribute.MirroredStrategy,2
tf.recompute_grad,2
tf.lite.TFLiteConverter,2
tf.keras.layers.Dense,2
tf.nn.softmax,2
tf.einsum,2
tf.keras.mixed_precision.set_global_policy,2
tf.nn.scaled_dot_product_attention,2
tf.data.Dataset.cache,2
tf.distribute.MultiWorkerMirroredStrategy,2
tf.keras.layers.Conv1D,2
tf.linalg.matmul,2
tf.linalg.inv,2
tf.config.experimental.set_memory_growth,2
tf.random.uniform,1
tf.keras.layers.LSTM,1
tf.experimental.numpy.finfo,1
tf.keras.layers.LazyLayer,1
tf.data.experimental.sample_from_datasets,1
tf.nn.bias_add,1
tf.config.experimental.synchronize_execution,1
tf.linalg.triangular_solve,1
tf.keras.Model.save,1
tf.keras.Model.evaluate,1
tf.keras.mixed_precision,1
tf.math.reduce_logsumexp,1
tf.math.gamma,1
tf.Tensor.numpy,1
tf.is_complex,1
tf.transpose,1
tf.fill_like,1
tf.empty,1
tf.experimental.dlpack.to_dlpack,1
tf.broadcast_dynamic_shape,1
tf.multiply,1
tf.reduce_any,1
tf.math.cumsum,1
tf.shape,1
tf.tensor_split,1
tf.math.reduce_median,1
tf.quantization.quantize,1
tf.linalg.eigh,1
tf.reduce_min,1
tf.reduce_sum,1
tf.experimental.extension_type,1
tf.config.experimental.get_memory_info,1
tf.sysconfig,1
tf.keras.callbacks.ReduceLROnPlateau,1
tf.keras.optimizers.schedules.StepDecay,1
tf.experimental.dlpack,1
tf.stop_gradient,1
tf.time_limit,1
tf.cond,1
tensorflow.python.saved_model.pywrap_saved_model,1
tf.keras.layers.Conv3DTranspose,1
tf.test.TestCase.assertAllClose,1
tf.nn.compute_average_loss,1
tf.device,1
tf.train.Checkpoint,1
tf.nn.embedding_lookup,1
tf.math.atan2,1
tf.tensor_scatter_nd_add,1
tf.reshape,1
tf.forwarddiff.jvp,1
tf.keras.layers.Layer,1
tf.linalg.solve,1
tf.linalg.band_part,1
tf.add,1
tf.Variable.assign,1
tf.reduce_all,1
tf.keras.ops.attention,1
tf.config.experimental.get_device_details,1
tf.random.normal,1
tf.keras.applications,1
tf.io.gfile.listdir,1
tf.config.experimental.get_tensor_float_32_execution_enabled,1
tf.nn.flex_attention,1
tf.time.sleep,1
tf.data.Dataset.from_generator,1
tf.keras.Model,1
tf.reduce_mean,1
tf.Tensor,1
tf.debugging.assert_greater_equal,1
tf.sparse.matmul,1
tf.keras.layers.Embedding,1
