api,category
classtorch.nn.Sequential,pytorch
torch.Generator.get_state,pytorch
torch.Generator.initial_seed,pytorch
torch.Generator.set_state,pytorch
torch.SymFloat.conjugate,pytorch
torch.SymFloat.is_integer,pytorch
torch.Tag.name,pytorch
torch.Tensor.contiguous,pytorch
torch.abs,pytorch
torch.absolute,pytorch
torch.acos,pytorch
torch.acosh,pytorch
torch.addbmm,pytorch
torch.addcdiv,pytorch
torch.addmm,pytorch
torch.addmv,pytorch
torch.addr,pytorch
torch.all,pytorch
torch.amax,pytorch
torch.amin,pytorch
torch.amp.autocast_mode.is_autocast_available,pytorch
torch.amp.custom_bwd,pytorch
torch.angle,pytorch
torch.any,pytorch
torch.arcsin,pytorch
torch.argmax,pytorch
torch.argmin,pytorch
torch.as_tensor,pytorch
torch.asin,pytorch
torch.asinh,pytorch
torch.atan,pytorch
torch.atan2,pytorch
torch.atanh,pytorch
torch.atleast_1d,pytorch
torch.atleast_2d,pytorch
torch.autocast,pytorch
torch.autograd.graph.get_gradient_edge,pytorch
torch.backends.cuda.can_use_cudnn_attention,pytorch
torch.backends.cuda.can_use_efficient_attention,pytorch
torch.backends.cuda.can_use_flash_attention,pytorch
torch.backends.cuda.cudnn_sdp_enabled,pytorch
torch.backends.cuda.enable_cudnn_sdp,pytorch
torch.backends.cuda.enable_flash_sdp,pytorch
torch.backends.cuda.enable_math_sdp,pytorch
torch.backends.cuda.enable_mem_efficient_sdp,pytorch
torch.backends.cuda.flash_sdp_enabled,pytorch
torch.backends.cuda.is_flash_attention_available,pytorch
torch.backends.cuda.math_sdp_enabled,pytorch
torch.backends.cuda.mem_efficient_sdp_enabled,pytorch
torch.backends.cuda.preferred_linalg_library,pytorch
torch.backends.cuda.sdp_kernel,pytorch
torch.backends.cudnn.is_available,pytorch
torch.backends.cudnn.version,pytorch
torch.backends.cusparselt.is_available,pytorch
torch.backends.cusparselt.version,pytorch
torch.backends.mha.get_fastpath_enabled,pytorch
torch.backends.mkl.is_available,pytorch
torch.backends.mps.is_available,pytorch
torch.backends.nnpack.set_flags,pytorch
torch.backends.openmp.is_available,pytorch
torch.bartlett_window,pytorch
torch.bernoulli,pytorch
torch.bincount,pytorch
torch.bitwise_and,pytorch
torch.bitwise_not,pytorch
torch.bitwise_or,pytorch
torch.bitwise_xor,pytorch
torch.blackman_window,pytorch
torch.block_diag,pytorch
torch.broadcast_shapes,pytorch
torch.bucketize,pytorch
torch.can_cast,pytorch
torch.cartesian_prod,pytorch
torch.cdist,pytorch
torch.ceil,pytorch
torch.chain_matmul,pytorch
torch.cholesky,pytorch
torch.cholesky_inverse,pytorch
torch.cholesky_solve,pytorch
torch.chunk,pytorch
torch.clip,pytorch
torch.clone,pytorch
torch.column_stack,pytorch
torch.compile,pytorch
torch.compiled_with_cxx11_abi,pytorch
torch.conj,pytorch
torch.count_nonzero,pytorch
torch.cpu.amp.GradScaler,pytorch
torch.cpu.amp.autocast,pytorch
torch.cuda.amp.GradScaler,pytorch
torch.cuda.amp.autocast,pytorch
torch.cuda.amp.custom_fwd,pytorch
torch.cummax,pytorch
torch.cummin,pytorch
torch.cumprod,pytorch
torch.cumsum,pytorch
torch.det,pytorch
torch.diag,pytorch
torch.diagflat,pytorch
torch.diagonal,pytorch
torch.diff,pytorch
torch.distributed.all_gather,pytorch
torch.distributed.all_reduce,pytorch
torch.distributed.all_to_all,pytorch
torch.distributed.batch_isend_irecv,pytorch
torch.distributed.device_mesh.init_device_mesh,pytorch
torch.distributed.get_backend,pytorch
torch.distributed.get_group_rank,pytorch
torch.distributed.get_world_size,pytorch
torch.distributed.is_available,pytorch
torch.distributed.new_group,pytorch
torch.distributed.reduce_scatter,pytorch
torch.distributions.constraints.cat,pytorch
torch.divide,pytorch
torch.dstack,pytorch
torch.einsum,pytorch
torch.empty,pytorch
torch.empty_like,pytorch
torch.empty_strided,pytorch
torch.eq,pytorch
torch.erf,pytorch
torch.erfc,pytorch
torch.exp,pytorch
torch.expm1,pytorch
torch.export.dynamic_shapes.Dim,pytorch
torch.eye,pytorch
torch.fix,pytorch
torch.flatten,pytorch
torch.floor,pytorch
torch.fmax,pytorch
torch.fmin,pytorch
torch.frac,pytorch
torch.full,pytorch
torch.futures.collect_all,pytorch
torch.fx.GraphModule.recompile,pytorch
torch.fx.wrap,pytorch
torch.gather,pytorch
torch.gcd,pytorch
torch.geqrf,pytorch
torch.ger,pytorch
torch.get_num_threads,pytorch
torch.get_rng_state,pytorch
torch.greater,pytorch
torch.hamming_window,pytorch
torch.hann_window,pytorch
torch.heaviside,pytorch
torch.histc,pytorch
torch.hstack,pytorch
torch.hub.download_url_to_file,pytorch
torch.hub.get_dir,pytorch
torch.i0,pytorch
torch.index_select,pytorch
torch.inner,pytorch
torch.is_floating_point,pytorch
torch.is_nonzero,pytorch
torch.is_storage,pytorch
torch.is_tensor,pytorch
torch.isfinite,pytorch
torch.isneginf,pytorch
torch.isposinf,pytorch
torch.istft,pytorch
torch.kron,pytorch
torch.kthvalue,pytorch
torch.lcm,pytorch
torch.ldexp,pytorch
torch.le,pytorch
torch.lerp,pytorch
torch.less,pytorch
torch.less_equal,pytorch
torch.library.custom_op,pytorch
torch.library.impl,pytorch
torch.library.opcheck,pytorch
torch.library.register_autograd,pytorch
torch.library.register_fake,pytorch
torch.library.register_kernel,pytorch
torch.library.register_torch_dispatch,pytorch
torch.library.register_vmap,pytorch
torch.library.triton_op,pytorch
torch.library.wrap_triton,pytorch
torch.linspace,pytorch
torch.lobpcg,pytorch
torch.log,pytorch
torch.log10,pytorch
torch.log2,pytorch
torch.logcumsumexp,pytorch
torch.logdet,pytorch
torch.logit,pytorch
torch.logspace,pytorch
torch.manual_seed,pytorch
torch.masked_select,pytorch
torch.matmul,pytorch
torch.max,pytorch
torch.maximum,pytorch
torch.median,pytorch
torch.meshgrid,pytorch
torch.min,pytorch
torch.minimum,pytorch
torch.mm,pytorch
torch.mode,pytorch
torch.mul,pytorch
torch.multinomial,pytorch
torch.mv,pytorch
torch.nanmedian,pytorch
torch.nanquantile,pytorch
torch.narrow,pytorch
torch.negative,pytorch
torch.nn.AdaptiveAvgPool2d,pytorch
torch.nn.AdaptiveLogSoftmaxWithLoss,pytorch
torch.nn.AdaptiveLogSoftmaxWithLoss.predict,pytorch
torch.nn.AdaptiveMaxPool2d,pytorch
torch.nn.AlphaDropout,pytorch
torch.nn.AvgPool1d,pytorch
torch.nn.AvgPool2d,pytorch
torch.nn.BCEWithLogitsLoss,pytorch
torch.nn.BatchNorm1d,pytorch
torch.nn.BatchNorm3d,pytorch
torch.nn.Bilinear,pytorch
torch.nn.CELU,pytorch
torch.nn.ChannelShuffle,pytorch
torch.nn.ConstantPad1d,pytorch
torch.nn.ConstantPad2d,pytorch
torch.nn.ConstantPad3d,pytorch
torch.nn.Conv1d,pytorch
torch.nn.Conv2d,pytorch
torch.nn.Conv3d,pytorch
torch.nn.ConvTranspose1d,pytorch
torch.nn.ConvTranspose2d,pytorch
torch.nn.ConvTranspose3d,pytorch
torch.nn.CosineEmbeddingLoss,pytorch
torch.nn.CosineSimilarity,pytorch
torch.nn.DataParallel,pytorch
torch.nn.Dropout2d,pytorch
torch.nn.Dropout3d,pytorch
torch.nn.ELU,pytorch
torch.nn.Embedding,pytorch
torch.nn.Flatten,pytorch
torch.nn.Fold,pytorch
torch.nn.FractionalMaxPool2d,pytorch
torch.nn.GRU,pytorch
torch.nn.GRUCell,pytorch
torch.nn.GroupNorm,pytorch
torch.nn.Hardshrink,pytorch
torch.nn.Hardsigmoid,pytorch
torch.nn.Hardswish,pytorch
torch.nn.Hardtanh,pytorch
torch.nn.HingeEmbeddingLoss,pytorch
torch.nn.Identity,pytorch
torch.nn.InstanceNorm1d,pytorch
torch.nn.InstanceNorm2d,pytorch
torch.nn.InstanceNorm3d,pytorch
torch.nn.KLDivLoss,pytorch
torch.nn.L1Loss,pytorch
torch.nn.LPPool1d,pytorch
torch.nn.LPPool2d,pytorch
torch.nn.LSTMCell,pytorch
torch.nn.LayerNorm,pytorch
torch.nn.LazyConv1d.cls_to_become,pytorch
torch.nn.LazyConvTranspose1d,pytorch
torch.nn.LazyConvTranspose2d,pytorch
torch.nn.LazyConvTranspose3d,pytorch
torch.nn.LazyLinear,pytorch
torch.nn.LazyLinear.cls_to_become,pytorch
torch.nn.LeakyReLU,pytorch
torch.nn.Linear,pytorch
torch.nn.LocalResponseNorm,pytorch
torch.nn.LogSoftmax,pytorch
torch.nn.MSELoss,pytorch
torch.nn.MarginRankingLoss,pytorch
torch.nn.MaxPool1d,pytorch
torch.nn.MaxPool2d,pytorch
torch.nn.MaxPool3d,pytorch
torch.nn.MaxUnpool1d,pytorch
torch.nn.MaxUnpool2d,pytorch
torch.nn.MaxUnpool3d,pytorch
torch.nn.ModuleDict,pytorch
torch.nn.ModuleDict.clear,pytorch
torch.nn.ModuleDict.items,pytorch
torch.nn.ModuleDict.keys,pytorch
torch.nn.ModuleDict.values,pytorch
torch.nn.ModuleList,pytorch
torch.nn.ModuleList.append,pytorch
torch.nn.MultiLabelMarginLoss,pytorch
torch.nn.MultiLabelSoftMarginLoss,pytorch
torch.nn.MultiMarginLoss,pytorch
torch.nn.MultiheadAttention,pytorch
torch.nn.MultiheadAttention.forward,pytorch
torch.nn.NLLLoss,pytorch
torch.nn.PReLU,pytorch
torch.nn.PairwiseDistance,pytorch
torch.nn.ParameterDict,pytorch
torch.nn.ParameterDict.clear,pytorch
torch.nn.ParameterDict.copy,pytorch
torch.nn.ParameterDict.get,pytorch
torch.nn.ParameterDict.keys,pytorch
torch.nn.ParameterDict.setdefault,pytorch
torch.nn.ParameterDict.values,pytorch
torch.nn.ParameterList,pytorch
torch.nn.PixelShuffle,pytorch
torch.nn.PixelUnshuffle,pytorch
torch.nn.PoissonNLLLoss,pytorch
torch.nn.RNN,pytorch
torch.nn.RNNBase,pytorch
torch.nn.RNNBase.flatten_parameters,pytorch
torch.nn.RNNCell,pytorch
torch.nn.RReLU,pytorch
torch.nn.ReLU,pytorch
torch.nn.ReLU6,pytorch
torch.nn.ReflectionPad1d,pytorch
torch.nn.ReplicationPad1d,pytorch
torch.nn.ReplicationPad3d,pytorch
torch.nn.SELU,pytorch
torch.nn.Sequential,pytorch
torch.nn.SiLU,pytorch
torch.nn.Sigmoid,pytorch
torch.nn.SmoothL1Loss,pytorch
torch.nn.SoftMarginLoss,pytorch
torch.nn.Softmax,pytorch
torch.nn.Softmin,pytorch
torch.nn.Softplus,pytorch
torch.nn.Softshrink,pytorch
torch.nn.SyncBatchNorm,pytorch
torch.nn.Tanh,pytorch
torch.nn.Threshold,pytorch
torch.nn.Transformer,pytorch
torch.nn.TransformerDecoder,pytorch
torch.nn.TransformerDecoderLayer,pytorch
torch.nn.TransformerEncoder,pytorch
torch.nn.TransformerEncoderLayer,pytorch
torch.nn.TripletMarginLoss,pytorch
torch.nn.TripletMarginWithDistanceLoss,pytorch
torch.nn.Unflatten,pytorch
torch.nn.Unfold,pytorch
torch.nn.UpsamplingBilinear2d,pytorch
torch.nn.UpsamplingNearest2d,pytorch
torch.nn.ZeroPad2d,pytorch
torch.nn.functional.adaptive_avg_pool1d,pytorch
torch.nn.functional.adaptive_avg_pool2d,pytorch
torch.nn.functional.adaptive_avg_pool3d,pytorch
torch.nn.functional.adaptive_max_pool1d,pytorch
torch.nn.functional.adaptive_max_pool2d,pytorch
torch.nn.functional.affine_grid,pytorch
torch.nn.functional.alpha_dropout,pytorch
torch.nn.functional.avg_pool1d,pytorch
torch.nn.functional.avg_pool2d,pytorch
torch.nn.functional.avg_pool3d,pytorch
torch.nn.functional.batch_norm,pytorch
torch.nn.functional.bilinear,pytorch
torch.nn.functional.binary_cross_entropy,pytorch
torch.nn.functional.binary_cross_entropy_with_logits,pytorch
torch.nn.functional.conv1d,pytorch
torch.nn.functional.conv2d,pytorch
torch.nn.functional.conv3d,pytorch
torch.nn.functional.conv_transpose1d,pytorch
torch.nn.functional.conv_transpose2d,pytorch
torch.nn.functional.conv_transpose3d,pytorch
torch.nn.functional.cosine_embedding_loss,pytorch
torch.nn.functional.cosine_similarity,pytorch
torch.nn.functional.cross_entropy,pytorch
torch.nn.functional.dropout,pytorch
torch.nn.functional.dropout2d,pytorch
torch.nn.functional.dropout3d,pytorch
torch.nn.functional.elu,pytorch
torch.nn.functional.elu_,pytorch
torch.nn.functional.embedding,pytorch
torch.nn.functional.embedding_bag,pytorch
torch.nn.functional.feature_alpha_dropout,pytorch
torch.nn.functional.fold,pytorch
torch.nn.functional.gelu,pytorch
torch.nn.functional.glu,pytorch
torch.nn.functional.grid_sample,pytorch
torch.nn.functional.gumbel_softmax,pytorch
torch.nn.functional.hardshrink,pytorch
torch.nn.functional.hardsigmoid,pytorch
torch.nn.functional.hardswish,pytorch
torch.nn.functional.hardtanh,pytorch
torch.nn.functional.hardtanh_,pytorch
torch.nn.functional.hinge_embedding_loss,pytorch
torch.nn.functional.instance_norm,pytorch
torch.nn.functional.interpolate,pytorch
torch.nn.functional.kl_div,pytorch
torch.nn.functional.l1_loss,pytorch
torch.nn.functional.layer_norm,pytorch
torch.nn.functional.leaky_relu,pytorch
torch.nn.functional.leaky_relu_,pytorch
torch.nn.functional.linear,pytorch
torch.nn.functional.local_response_norm,pytorch
torch.nn.functional.log_softmax,pytorch
torch.nn.functional.logsigmoid,pytorch
torch.nn.functional.lp_pool1d,pytorch
torch.nn.functional.lp_pool2d,pytorch
torch.nn.functional.margin_ranking_loss,pytorch
torch.nn.functional.max_pool1d,pytorch
torch.nn.functional.max_pool2d,pytorch
torch.nn.functional.max_pool3d,pytorch
torch.nn.functional.max_unpool1d,pytorch
torch.nn.functional.max_unpool2d,pytorch
torch.nn.functional.max_unpool3d,pytorch
torch.nn.functional.mse_loss,pytorch
torch.nn.functional.multi_margin_loss,pytorch
torch.nn.functional.multilabel_margin_loss,pytorch
torch.nn.functional.multilabel_soft_margin_loss,pytorch
torch.nn.functional.nll_loss,pytorch
torch.nn.functional.normalize,pytorch
torch.nn.functional.one_hot,pytorch
torch.nn.functional.pad,pytorch
torch.nn.functional.pairwise_distance,pytorch
torch.nn.functional.pdist,pytorch
torch.nn.functional.pixel_shuffle,pytorch
torch.nn.functional.pixel_unshuffle,pytorch
torch.nn.functional.poisson_nll_loss,pytorch
torch.nn.functional.prelu,pytorch
torch.nn.functional.relu,pytorch
torch.nn.functional.relu6,pytorch
torch.nn.functional.relu_,pytorch
torch.nn.functional.rrelu,pytorch
torch.nn.functional.rrelu_,pytorch
torch.nn.functional.selu,pytorch
torch.nn.functional.smooth_l1_loss,pytorch
torch.nn.functional.soft_margin_loss,pytorch
torch.nn.functional.softmax,pytorch
torch.nn.functional.softmin,pytorch
torch.nn.functional.softshrink,pytorch
torch.nn.functional.threshold,pytorch
torch.nn.functional.threshold_,pytorch
torch.nn.functional.triplet_margin_loss,pytorch
torch.nn.functional.triplet_margin_with_distance_loss,pytorch
torch.nn.functional.unfold,pytorch
torch.nn.functional.upsample,pytorch
torch.nn.functional.upsample_bilinear,pytorch
torch.nn.functional.upsample_nearest,pytorch
torch.nn.modules.lazy.LazyModuleMixin,pytorch
torch.nn.modules.lazy.LazyModuleMixin.has_uninitialized_params,pytorch
torch.nn.modules.module.register_module_backward_hook,pytorch
torch.nn.modules.module.register_module_forward_hook,pytorch
torch.nn.modules.module.register_module_forward_pre_hook,pytorch
torch.nn.parallel.DistributedDataParallel,pytorch
torch.nn.parallel.DistributedDataParallel.join,pytorch
torch.nn.parallel.DistributedDataParallel.join_hook,pytorch
torch.nn.parallel.DistributedDataParallel.no_sync,pytorch
torch.nn.utils.clip_grad_norm_,pytorch
torch.nn.utils.clip_grad_value_,pytorch
torch.nn.utils.parameters_to_vector,pytorch
torch.nn.utils.prune.CustomFromMask,pytorch
torch.nn.utils.prune.CustomFromMask.apply,pytorch
torch.nn.utils.prune.CustomFromMask.apply_mask,pytorch
torch.nn.utils.prune.CustomFromMask.remove,pytorch
torch.nn.utils.prune.L1Unstructured.apply,pytorch
torch.nn.utils.prune.L1Unstructured.apply_mask,pytorch
torch.nn.utils.prune.L1Unstructured.remove,pytorch
torch.nn.utils.prune.LnStructured,pytorch
torch.nn.utils.prune.LnStructured.apply,pytorch
torch.nn.utils.prune.LnStructured.apply_mask,pytorch
torch.nn.utils.prune.LnStructured.remove,pytorch
torch.nn.utils.prune.PruningContainer,pytorch
torch.nn.utils.prune.PruningContainer.add_pruning_method,pytorch
torch.nn.utils.prune.PruningContainer.apply,pytorch
torch.nn.utils.prune.PruningContainer.apply_mask,pytorch
torch.nn.utils.prune.PruningContainer.remove,pytorch
torch.nn.utils.prune.RandomStructured,pytorch
torch.nn.utils.prune.RandomStructured.apply,pytorch
torch.nn.utils.prune.RandomStructured.apply_mask,pytorch
torch.nn.utils.prune.RandomStructured.remove,pytorch
torch.nn.utils.prune.RandomUnstructured.apply,pytorch
torch.nn.utils.prune.RandomUnstructured.apply_mask,pytorch
torch.nn.utils.prune.RandomUnstructured.remove,pytorch
torch.nn.utils.prune.global_unstructured,pytorch
torch.nn.utils.prune.is_pruned,pytorch
torch.nn.utils.prune.l1_unstructured,pytorch
torch.nn.utils.prune.ln_structured,pytorch
torch.nn.utils.prune.random_unstructured,pytorch
torch.nn.utils.remove_spectral_norm,pytorch
torch.nn.utils.remove_weight_norm,pytorch
torch.nn.utils.rnn.pack_padded_sequence,pytorch
torch.nn.utils.rnn.pack_sequence,pytorch
torch.nn.utils.rnn.pad_packed_sequence,pytorch
torch.nn.utils.rnn.pad_sequence,pytorch
torch.nn.utils.spectral_norm,pytorch
torch.nn.utils.vector_to_parameters,pytorch
torch.nn.utils.weight_norm,pytorch
torch.nonzero,pytorch
torch.norm,pytorch
torch.normal,pytorch
torch.not_equal,pytorch
torch.numel,pytorch
torch.ones,pytorch
torch.ones_like,pytorch
torch.optim.Adadelta,pytorch
torch.optim.Adadelta.add_param_group,pytorch
torch.optim.Adadelta.register_load_state_dict_post_hook,pytorch
torch.optim.Adadelta.register_step_post_hook,pytorch
torch.optim.Adadelta.register_step_pre_hook,pytorch
torch.optim.Adadelta.state_dict,pytorch
torch.optim.Adadelta.zero_grad,pytorch
torch.optim.Adagrad,pytorch
torch.optim.Adagrad.add_param_group,pytorch
torch.optim.Adagrad.load_state_dict,pytorch
torch.optim.Adagrad.register_step_post_hook,pytorch
torch.optim.Adagrad.register_step_pre_hook,pytorch
torch.optim.Adagrad.state_dict,pytorch
torch.optim.Adagrad.zero_grad,pytorch
torch.optim.Adam,pytorch
torch.optim.Adam.add_param_group,pytorch
torch.optim.Adam.load_state_dict,pytorch
torch.optim.Adam.register_load_state_dict_post_hook,pytorch
torch.optim.Adam.register_load_state_dict_pre_hook,pytorch
torch.optim.Adam.register_state_dict_post_hook,pytorch
torch.optim.Adam.register_state_dict_pre_hook,pytorch
torch.optim.Adam.register_step_post_hook,pytorch
torch.optim.Adam.register_step_pre_hook,pytorch
torch.optim.Adam.state_dict,pytorch
torch.optim.Adam.zero_grad,pytorch
torch.optim.AdamW,pytorch
torch.optim.AdamW.load_state_dict,pytorch
torch.optim.AdamW.register_step_post_hook,pytorch
torch.optim.AdamW.register_step_pre_hook,pytorch
torch.optim.AdamW.zero_grad,pytorch
torch.optim.Optimizer,pytorch
torch.optim.RMSprop,pytorch
torch.optim.RMSprop.add_param_group,pytorch
torch.optim.RMSprop.load_state_dict,pytorch
torch.optim.RMSprop.register_state_dict_pre_hook,pytorch
torch.optim.RMSprop.register_step_post_hook,pytorch
torch.optim.RMSprop.register_step_pre_hook,pytorch
torch.optim.RMSprop.state_dict,pytorch
torch.optim.RMSprop.zero_grad,pytorch
torch.optim.SGD,pytorch
torch.optim.SGD.add_param_group,pytorch
torch.optim.SGD.load_state_dict,pytorch
torch.optim.SGD.register_step_post_hook,pytorch
torch.optim.SGD.register_step_pre_hook,pytorch
torch.optim.SGD.state_dict,pytorch
torch.optim.SGD.zero_grad,pytorch
torch.optim.swa_utils.get_ema_multi_avg_fn,pytorch
torch.optim.swa_utils.update_bn,pytorch
torch.orgqr,pytorch
torch.ormqr,pytorch
torch.outer,pytorch
torch.pinverse,pytorch
torch.poisson,pytorch
torch.prod,pytorch
torch.profiler.itt.mark,pytorch
torch.profiler.itt.range_push,pytorch
torch.promote_types,pytorch
torch.qr,pytorch
torch.quantile,pytorch
torch.quantize_per_channel,pytorch
torch.quasirandom.SobolEngine,pytorch
torch.quasirandom.SobolEngine.reset,pytorch
torch.randint,pytorch
torch.randn,pytorch
torch.randn_like,pytorch
torch.random.fork_rng,pytorch
torch.random.set_rng_state,pytorch
torch.randperm,pytorch
torch.range,pytorch
torch.ravel,pytorch
torch.real,pytorch
torch.reciprocal,pytorch
torch.repeat_interleave,pytorch
torch.reshape,pytorch
torch.round,pytorch
torch.rsqrt,pytorch
torch.save,pytorch
torch.scatter_add,pytorch
torch.searchsorted,pytorch
torch.seed,pytorch
torch.set_grad_enabled,pytorch
torch.set_num_threads,pytorch
torch.set_rng_state,pytorch
torch.sigmoid,pytorch
torch.signbit,pytorch
torch.sin,pytorch
torch.sinh,pytorch
torch.sparse_coo_tensor,pytorch
torch.split,pytorch
torch.sqrt,pytorch
torch.square,pytorch
torch.std,pytorch
torch.std_mean,pytorch
torch.stft,pytorch
torch.sub,pytorch
torch.subtract,pytorch
torch.sum,pytorch
torch.swapaxes,pytorch
torch.tanh,pytorch
torch.tensor,pytorch
torch.tensordot,pytorch
torch.testing.make_tensor,pytorch
torch.tile,pytorch
torch.topk,pytorch
torch.torch.default_generator,pytorch
torch.trace,pytorch
torch.transpose,pytorch
torch.triangular_solve,pytorch
torch.triu,pytorch
torch.triu_indices,pytorch
torch.trunc,pytorch
torch.unique,pytorch
torch.utils.checkpoint.checkpoint,pytorch
torch.utils.checkpoint.checkpoint_sequential,pytorch
torch.utils.checkpoint.create_selective_checkpoint_contexts,pytorch
torch.utils.checkpoint.set_checkpoint_debug_enabled,pytorch
torch.utils.data._utils.collate.collate,pytorch
torch.utils.data.default_convert,pytorch
torch.utils.data.random_split,pytorch
torch.utils.dlpack.from_dlpack,pytorch
torch.var,pytorch
torch.var_mean,pytorch
torch.vdot,pytorch
torch.view_as_complex,pytorch
torch.view_as_real,pytorch
torch.vstack,pytorch
torch.zeros,pytorch
torch.zeros_like,pytorch
tf,tensorflow
tf.AggregationMethod,tensorflow
tf.CriticalSection,tensorflow
tf.DeviceSpec,tensorflow
tf.GradientTape,tensorflow
tf.Graph,tensorflow
tf.IndexedSlices,tensorflow
tf.IndexedSlicesSpec,tensorflow
tf.OptionalSpec,tensorflow
tf.RaggedTensor,tensorflow
tf.RaggedTensorSpec,tensorflow
tf.Tensor,tensorflow
tf.TensorShape,tensorflow
tf.TensorSpec,tensorflow
tf.Variable,tensorflow
tf.all_symbols,tensorflow
tf.audio,tensorflow
tf.autodiff,tensorflow
tf.autodiff.ForwardAccumulator,tensorflow
tf.autograph,tensorflow
tf.autograph.experimental,tensorflow
tf.autograph.experimental.Feature,tensorflow
tf.autograph.to_code,tensorflow
tf.autograph.to_graph,tensorflow
tf.autograph.trace,tensorflow
tf.bitwise.bitwise_or,tensorflow
tf.bitwise.invert,tensorflow
tf.bitwise.right_shift,tensorflow
tf.case,tensorflow
tf.concat,tensorflow
tf.config,tensorflow
tf.config.PhysicalDevice,tensorflow
tf.config.experimental,tensorflow
tf.config.experimental.get_memory_growth,tensorflow
tf.config.experimental.set_memory_growth,tensorflow
tf.config.get_logical_device_configuration,tensorflow
tf.config.list_logical_devices,tensorflow
tf.config.optimizer,tensorflow
tf.config.optimizer.get_jit,tensorflow
tf.config.optimizer.set_jit,tensorflow
tf.constant,tensorflow
tf.constant_initializer,tensorflow
tf.conv,tensorflow
tf.convert_to_tensor,tensorflow
tf.custom_gradient,tensorflow
tf.data,tensorflow
tf.data.Dataset,tensorflow
tf.data.FixedLengthRecordDataset,tensorflow
tf.data.IteratorSpec,tensorflow
tf.data.Options,tensorflow
tf.data.TFRecordDataset,tensorflow
tf.data.TextLineDataset,tensorflow
tf.data.experimental,tensorflow
tf.data.experimental.CsvDataset,tensorflow
tf.data.experimental.dense_to_sparse_batch,tensorflow
tf.data.experimental.from_variant,tensorflow
tf.data.experimental.ignore_errors,tensorflow
tf.data.experimental.load,tensorflow
tf.data.experimental.map_and_batch,tensorflow
tf.data.experimental.parse_example_dataset,tensorflow
tf.data.experimental.save,tensorflow
tf.data.experimental.service.distribute,tensorflow
tf.data.experimental.shuffle_and_repeat,tensorflow
tf.data.experimental.to_variant,tensorflow
tf.data.experimental.unbatch,tensorflow
tf.debugging.assert_equal,tensorflow
tf.debugging.assert_greater,tensorflow
tf.debugging.assert_less,tensorflow
tf.debugging.assert_near,tensorflow
tf.debugging.check_numerics,tensorflow
tf.debugging.is_numeric_tensor,tensorflow
tf.device,tensorflow
tf.distribute,tensorflow
tf.distribute.DistributedDataset,tensorflow
tf.distribute.InputReplicationMode,tensorflow
tf.distribute.NcclAllReduce,tensorflow
tf.distribute.ReduceOp,tensorflow
tf.distribute.Server,tensorflow
tf.distribute.Strategy,tensorflow
tf.distribute.TPUStrategy,tensorflow
tf.distribute.cluster_resolver.SlurmClusterResolver,tensorflow
tf.distribute.cluster_resolver.TFConfigClusterResolver,tensorflow
tf.distribute.cluster_resolver.UnionResolver,tensorflow
tf.distribute.coordinator,tensorflow
tf.distribute.experimental.CentralStorageStrategy,tensorflow
tf.distribute.experimental.CollectiveHints,tensorflow
tf.distribute.experimental.CommunicationImplementation,tensorflow
tf.distribute.experimental.CommunicationOptions,tensorflow
tf.distribute.experimental.MultiWorkerMirroredStrategy,tensorflow
tf.distribute.experimental.ParameterServerStrategy,tensorflow
tf.distribute.experimental.PreemptionCheckpointHandler,tensorflow
tf.distribute.experimental.PreemptionWatcher,tensorflow
tf.distribute.experimental.TPUStrategy,tensorflow
tf.distribute.experimental.TerminationConfig,tensorflow
tf.distribute.experimental.coordinator,tensorflow
tf.distribute.experimental.coordinator.ClusterCoordinator,tensorflow
tf.distribute.experimental.partitioners.MinSizePartitioner,tensorflow
tf.distribute.experimental.partitioners.Partitioner,tensorflow
tf.distribute.experimental.rpc,tensorflow
tf.distribute.experimental.rpc.Client,tensorflow
tf.distribute.experimental.rpc.Server,tensorflow
tf.distribute.in_cross_replica_context,tensorflow
tf.dtypes.as_dtype,tensorflow
tf.einsum,tensorflow
tf.ensure_shape,tensorflow
tf.errors,tensorflow
tf.experimental,tensorflow
tf.experimental.dtensor,tensorflow
tf.experimental.dtensor.DTensorDataset,tensorflow
tf.experimental.dtensor.Layout,tensorflow
tf.experimental.dtensor.client_id,tensorflow
tf.experimental.dtensor.create_distributed_mesh,tensorflow
tf.experimental.dtensor.device_name,tensorflow
tf.experimental.dtensor.full_job_name,tensorflow
tf.experimental.dtensor.is_dtensor,tensorflow
tf.experimental.dtensor.job_name,tensorflow
tf.experimental.dtensor.jobs,tensorflow
tf.experimental.dtensor.unpack,tensorflow
tf.experimental.extension_type,tensorflow
tf.experimental.numpy,tensorflow
tf.experimental.numpy.add,tensorflow
tf.experimental.numpy.all,tensorflow
tf.experimental.numpy.angle,tensorflow
tf.experimental.numpy.arccosh,tensorflow
tf.experimental.numpy.arcsinh,tensorflow
tf.experimental.numpy.arctan2,tensorflow
tf.experimental.numpy.arctanh,tensorflow
tf.experimental.numpy.argmax,tensorflow
tf.experimental.numpy.argmin,tensorflow
tf.experimental.numpy.array,tensorflow
tf.experimental.numpy.ascontiguousarray,tensorflow
tf.experimental.numpy.atleast_2d,tensorflow
tf.experimental.numpy.atleast_3d,tensorflow
tf.experimental.numpy.bitwise_or,tensorflow
tf.experimental.numpy.cbrt,tensorflow
tf.experimental.numpy.ceil,tensorflow
tf.experimental.numpy.complex128,tensorflow
tf.experimental.numpy.complex64,tensorflow
tf.experimental.numpy.concatenate,tensorflow
tf.experimental.numpy.cos,tensorflow
tf.experimental.numpy.cosh,tensorflow
tf.experimental.numpy.cumprod,tensorflow
tf.experimental.numpy.cumsum,tensorflow
tf.experimental.numpy.einsum,tensorflow
tf.experimental.numpy.exp,tensorflow
tf.experimental.numpy.expm1,tensorflow
tf.experimental.numpy.float16,tensorflow
tf.experimental.numpy.floor,tensorflow
tf.experimental.numpy.imag,tensorflow
tf.experimental.numpy.int32,tensorflow
tf.experimental.numpy.iscomplexobj,tensorflow
tf.experimental.numpy.isinf,tensorflow
tf.experimental.numpy.isnan,tensorflow
tf.experimental.numpy.isscalar,tensorflow
tf.experimental.numpy.ix_,tensorflow
tf.experimental.numpy.log,tensorflow
tf.experimental.numpy.logical_not,tensorflow
tf.experimental.numpy.matmul,tensorflow
tf.experimental.numpy.max,tensorflow
tf.experimental.numpy.min,tensorflow
tf.experimental.numpy.multiply,tensorflow
tf.experimental.numpy.nextafter,tensorflow
tf.experimental.numpy.not_equal,tensorflow
tf.experimental.numpy.pad,tensorflow
tf.experimental.numpy.polyval,tensorflow
tf.experimental.numpy.random,tensorflow
tf.experimental.numpy.random.rand,tensorflow
tf.experimental.numpy.random.random,tensorflow
tf.experimental.numpy.real,tensorflow
tf.experimental.numpy.repeat,tensorflow
tf.experimental.numpy.reshape,tensorflow
tf.experimental.numpy.round,tensorflow
tf.experimental.numpy.select,tensorflow
tf.experimental.numpy.shape,tensorflow
tf.experimental.numpy.sin,tensorflow
tf.experimental.numpy.size,tensorflow
tf.experimental.numpy.split,tensorflow
tf.experimental.numpy.tanh,tensorflow
tf.experimental.numpy.tensordot,tensorflow
tf.experimental.numpy.tile,tensorflow
tf.experimental.numpy.trace,tensorflow
tf.experimental.numpy.transpose,tensorflow
tf.experimental.numpy.tri,tensorflow
tf.experimental.numpy.tril,tensorflow
tf.experimental.numpy.triu,tensorflow
tf.experimental.numpy.uint32,tensorflow
tf.experimental.numpy.where,tensorflow
tf.experimental.tensorrt,tensorflow
tf.experimental.tensorrt.Converter,tensorflow
tf.extract_volume_patches,tensorflow
tf.feature_column.categorical_column_with_vocabulary_list,tensorflow
tf.feature_column.sequence_numeric_column,tensorflow
tf.fill,tensorflow
tf.fingerprint,tensorflow
tf.function,tensorflow
tf.gather,tensorflow
tf.gather_nd,tensorflow
tf.graph_util,tensorflow
tf.graph_util.import_graph_def,tensorflow
tf.identity_n,tensorflow
tf.image,tensorflow
tf.image.adjust_gamma,tensorflow
tf.image.adjust_saturation,tensorflow
tf.image.combined_non_max_suppression,tensorflow
tf.image.non_max_suppression_overlaps,tensorflow
tf.image.non_max_suppression_padded,tensorflow
tf.image.non_max_suppression_with_scores,tensorflow
tf.image.random_crop,tensorflow
tf.image.resize,tensorflow
tf.image.stateless_random_flip_left_right,tensorflow
tf.image.stateless_random_flip_up_down,tensorflow
tf.image.transpose,tensorflow
tf.io.decode_image,tensorflow
tf.io.gfile,tensorflow
tf.io.gfile.GFile,tensorflow
tf.io.gfile.exists,tensorflow
tf.io.gfile.isdir,tensorflow
tf.io.parse_example,tensorflow
tf.io.parse_single_example,tensorflow
tf.io.parse_tensor,tensorflow
tf.io.serialize_many_sparse,tensorflow
tf.keras,tensorflow
tf.keras.FloatDTypePolicy,tensorflow
tf.keras.Function,tensorflow
tf.keras.Initializer,tensorflow
tf.keras.Layer,tensorflow
tf.keras.Loss,tensorflow
tf.keras.Metric,tensorflow
tf.keras.Model,tensorflow
tf.keras.Optimizer,tensorflow
tf.keras.Sequential,tensorflow
tf.keras.Variable,tensorflow
tf.keras.activations,tensorflow
tf.keras.activations.elu,tensorflow
tf.keras.activations.relu,tensorflow
tf.keras.activations.relu6,tensorflow
tf.keras.activations.softplus,tensorflow
tf.keras.activations.softsign,tensorflow
tf.keras.applications.MobileNet,tensorflow
tf.keras.applications.MobileNetV2,tensorflow
tf.keras.applications.ResNet101,tensorflow
tf.keras.applications.ResNet152,tensorflow
tf.keras.applications.ResNet50V2,tensorflow
tf.keras.applications.Xception,tensorflow
tf.keras.applications.mobilenet,tensorflow
tf.keras.applications.resnet,tensorflow
tf.keras.applications.resnet50,tensorflow
tf.keras.backend,tensorflow
tf.keras.backend.argmax,tensorflow
tf.keras.backend.argmin,tensorflow
tf.keras.backend.bias_add,tensorflow
tf.keras.backend.clip,tensorflow
tf.keras.backend.concatenate,tensorflow
tf.keras.backend.conv2d,tensorflow
tf.keras.backend.conv3d,tensorflow
tf.keras.backend.cos,tensorflow
tf.keras.backend.cumsum,tensorflow
tf.keras.backend.epsilon,tensorflow
tf.keras.backend.exp,tensorflow
tf.keras.backend.eye,tensorflow
tf.keras.backend.gather,tensorflow
tf.keras.backend.gradients,tensorflow
tf.keras.backend.in_top_k,tensorflow
tf.keras.backend.is_keras_tensor,tensorflow
tf.keras.backend.max,tensorflow
tf.keras.backend.min,tensorflow
tf.keras.backend.not_equal,tensorflow
tf.keras.backend.one_hot,tensorflow
tf.keras.backend.pool3d,tensorflow
tf.keras.backend.repeat,tensorflow
tf.keras.backend.reshape,tensorflow
tf.keras.backend.shape,tensorflow
tf.keras.backend.sin,tensorflow
tf.keras.backend.softsign,tensorflow
tf.keras.backend.square,tensorflow
tf.keras.backend.standardize_dtype,tensorflow
tf.keras.backend.switch,tensorflow
tf.keras.backend.tile,tensorflow
tf.keras.backend.transpose,tensorflow
tf.keras.backend.update,tensorflow
tf.keras.callbacks,tensorflow
tf.keras.callbacks.Callback,tensorflow
tf.keras.callbacks.CallbackList,tensorflow
tf.keras.callbacks.SwapEMAWeights,tensorflow
tf.keras.callbacks.TensorBoard,tensorflow
tf.keras.config,tensorflow
tf.keras.config.set_dtype_policy,tensorflow
tf.keras.constraints,tensorflow
tf.keras.constraints.Constraint,tensorflow
tf.keras.datasets,tensorflow
tf.keras.device,tensorflow
tf.keras.distribution,tensorflow
tf.keras.distribution.ModelParallel,tensorflow
tf.keras.distribution.distribute_tensor,tensorflow
tf.keras.distribution.distribution,tensorflow
tf.keras.distribution.list_devices,tensorflow
tf.keras.export,tensorflow
tf.keras.initializers,tensorflow
tf.keras.initializers.Constant,tensorflow
tf.keras.initializers.Orthogonal,tensorflow
tf.keras.initializers.RandomNormal,tensorflow
tf.keras.initializers.RandomUniform,tensorflow
tf.keras.initializers.TruncatedNormal,tensorflow
tf.keras.initializers.serialize,tensorflow
tf.keras.layers,tensorflow
tf.keras.layers.Activation,tensorflow
tf.keras.layers.Add,tensorflow
tf.keras.layers.AlphaDropout,tensorflow
tf.keras.layers.Attention,tensorflow
tf.keras.layers.Average,tensorflow
tf.keras.layers.AveragePooling2D,tensorflow
tf.keras.layers.BatchNormalization,tensorflow
tf.keras.layers.Bidirectional,tensorflow
tf.keras.layers.CategoryEncoding,tensorflow
tf.keras.layers.Conv2D,tensorflow
tf.keras.layers.Conv3D,tensorflow
tf.keras.layers.ConvLSTM1D,tensorflow
tf.keras.layers.ConvLSTM3D,tensorflow
tf.keras.layers.DepthwiseConv2D,tensorflow
tf.keras.layers.Discretization,tensorflow
tf.keras.layers.Dropout,tensorflow
tf.keras.layers.ELU,tensorflow
tf.keras.layers.Embedding,tensorflow
tf.keras.layers.GRU,tensorflow
tf.keras.layers.GlobalAveragePooling2D,tensorflow
tf.keras.layers.Hashing,tensorflow
tf.keras.layers.IntegerLookup,tensorflow
tf.keras.layers.LSTM,tensorflow
tf.keras.layers.Lambda,tensorflow
tf.keras.layers.Minimum,tensorflow
tf.keras.layers.Multiply,tensorflow
tf.keras.layers.Normalization,tensorflow
tf.keras.layers.RandomContrast,tensorflow
tf.keras.layers.RandomCrop,tensorflow
tf.keras.layers.RandomFlip,tensorflow
tf.keras.layers.RandomHeight,tensorflow
tf.keras.layers.RandomRotation,tensorflow
tf.keras.layers.RepeatVector,tensorflow
tf.keras.layers.Rescaling,tensorflow
tf.keras.layers.Reshape,tensorflow
tf.keras.layers.Resizing,tensorflow
tf.keras.layers.SimpleRNN,tensorflow
tf.keras.layers.Subtract,tensorflow
tf.keras.layers.TimeDistributed,tensorflow
tf.keras.layers.UnitNormalization,tensorflow
tf.keras.layers.UpSampling1D,tensorflow
tf.keras.layers.UpSampling2D,tensorflow
tf.keras.layers.UpSampling3D,tensorflow
tf.keras.layers.add,tensorflow
tf.keras.layers.concatenate,tensorflow
tf.keras.layers.multiply,tensorflow
tf.keras.layers.serialize,tensorflow
tf.keras.losses,tensorflow
tf.keras.losses.BinaryFocalCrossentropy,tensorflow
tf.keras.losses.CategoricalCrossentropy,tensorflow
tf.keras.losses.MAE,tensorflow
tf.keras.losses.MSE,tensorflow
tf.keras.losses.MSLE,tensorflow
tf.keras.losses.SparseCategoricalCrossentropy,tensorflow
tf.keras.losses.binary_crossentropy,tensorflow
tf.keras.losses.categorical_hinge,tensorflow
tf.keras.losses.hinge,tensorflow
tf.keras.losses.huber,tensorflow
tf.keras.losses.squared_hinge,tensorflow
tf.keras.metrics,tensorflow
tf.keras.metrics.BinaryAccuracy,tensorflow
tf.keras.metrics.BinaryCrossentropy,tensorflow
tf.keras.metrics.CategoricalAccuracy,tensorflow
tf.keras.metrics.CategoricalCrossentropy,tensorflow
tf.keras.metrics.F1Score,tensorflow
tf.keras.metrics.FBetaScore,tensorflow
tf.keras.metrics.OneHotMeanIoU,tensorflow
tf.keras.metrics.R2Score,tensorflow
tf.keras.metrics.SparseCategoricalAccuracy,tensorflow
tf.keras.metrics.SparseCategoricalCrossentropy,tensorflow
tf.keras.models,tensorflow
tf.keras.models.clone_model,tensorflow
tf.keras.models.model_from_json,tensorflow
tf.keras.ops,tensorflow
tf.keras.ops.add,tensorflow
tf.keras.ops.all,tensorflow
tf.keras.ops.amax,tensorflow
tf.keras.ops.amin,tensorflow
tf.keras.ops.arccos,tensorflow
tf.keras.ops.arcsin,tensorflow
tf.keras.ops.arctan,tensorflow
tf.keras.ops.argmax,tensorflow
tf.keras.ops.argmin,tensorflow
tf.keras.ops.argsort,tensorflow
tf.keras.ops.array,tensorflow
tf.keras.ops.binary_crossentropy,tensorflow
tf.keras.ops.bincount,tensorflow
tf.keras.ops.categorical_crossentropy,tensorflow
tf.keras.ops.ceil,tensorflow
tf.keras.ops.concatenate,tensorflow
tf.keras.ops.conv,tensorflow
tf.keras.ops.convert_to_numpy,tensorflow
tf.keras.ops.convert_to_tensor,tensorflow
tf.keras.ops.cos,tensorflow
tf.keras.ops.cosh,tensorflow
tf.keras.ops.cumprod,tensorflow
tf.keras.ops.cumsum,tensorflow
tf.keras.ops.depthwise_conv,tensorflow
tf.keras.ops.det,tensorflow
tf.keras.ops.diagonal,tensorflow
tf.keras.ops.einsum,tensorflow
tf.keras.ops.erf,tensorflow
tf.keras.ops.exp,tensorflow
tf.keras.ops.expm1,tensorflow
tf.keras.ops.floor,tensorflow
tf.keras.ops.full,tensorflow
tf.keras.ops.get_item,tensorflow
tf.keras.ops.imag,tensorflow
tf.keras.ops.image,tensorflow
tf.keras.ops.image.resize,tensorflow
tf.keras.ops.in_top_k,tensorflow
tf.keras.ops.inv,tensorflow
tf.keras.ops.isclose,tensorflow
tf.keras.ops.isinf,tensorflow
tf.keras.ops.isnan,tensorflow
tf.keras.ops.less,tensorflow
tf.keras.ops.less_equal,tensorflow
tf.keras.ops.log10,tensorflow
tf.keras.ops.log1p,tensorflow
tf.keras.ops.log_softmax,tensorflow
tf.keras.ops.logical_not,tensorflow
tf.keras.ops.matmul,tensorflow
tf.keras.ops.max,tensorflow
tf.keras.ops.min,tensorflow
tf.keras.ops.mod,tensorflow
tf.keras.ops.multiply,tensorflow
tf.keras.ops.ndim,tensorflow
tf.keras.ops.norm,tensorflow
tf.keras.ops.not_equal,tensorflow
tf.keras.ops.one_hot,tensorflow
tf.keras.ops.ones,tensorflow
tf.keras.ops.pad,tensorflow
tf.keras.ops.real,tensorflow
tf.keras.ops.reshape,tensorflow
tf.keras.ops.rsqrt,tensorflow
tf.keras.ops.scatter,tensorflow
tf.keras.ops.scatter_update,tensorflow
tf.keras.ops.segment_max,tensorflow
tf.keras.ops.segment_sum,tensorflow
tf.keras.ops.separable_conv,tensorflow
tf.keras.ops.shape,tensorflow
tf.keras.ops.sin,tensorflow
tf.keras.ops.size,tensorflow
tf.keras.ops.slice,tensorflow
tf.keras.ops.softmax,tensorflow
tf.keras.ops.softplus,tensorflow
tf.keras.ops.softsign,tensorflow
tf.keras.ops.sparse_categorical_crossentropy,tensorflow
tf.keras.ops.split,tensorflow
tf.keras.ops.square,tensorflow
tf.keras.ops.stft,tensorflow
tf.keras.ops.take_along_axis,tensorflow
tf.keras.ops.tanh,tensorflow
tf.keras.ops.tensordot,tensorflow
tf.keras.ops.tile,tensorflow
tf.keras.ops.top_k,tensorflow
tf.keras.ops.trace,tensorflow
tf.keras.ops.tri,tensorflow
tf.keras.ops.true_divide,tensorflow
tf.keras.ops.while_loop,tensorflow
tf.keras.optimizers,tensorflow
tf.keras.optimizers.Adadelta,tensorflow
tf.keras.optimizers.Adagrad,tensorflow
tf.keras.optimizers.Ftrl,tensorflow
tf.keras.optimizers.Nadam,tensorflow
tf.keras.optimizers.RMSprop,tensorflow
tf.keras.optimizers.schedules.LearningRateSchedule,tensorflow
tf.keras.optimizers.serialize,tensorflow
tf.keras.preprocessing.image,tensorflow
tf.keras.preprocessing.text.one_hot,tensorflow
tf.keras.quantizers,tensorflow
tf.keras.quantizers.get,tensorflow
tf.keras.random,tensorflow
tf.keras.random.binomial,tensorflow
tf.keras.random.normal,tensorflow
tf.keras.random.randint,tensorflow
tf.keras.regularizers,tensorflow
tf.keras.utils,tensorflow
tf.keras.utils.CustomObjectScope,tensorflow
tf.keras.utils.model_to_dot,tensorflow
tf.keras.utils.serialize_keras_object,tensorflow
tf.keras.version,tensorflow
tf.linalg.LinearOperatorHouseholder,tensorflow
tf.linalg.LinearOperatorIdentity,tensorflow
tf.linalg.LinearOperatorLowerTriangular,tensorflow
tf.linalg.LinearOperatorPermutation,tensorflow
tf.linalg.LinearOperatorScaledIdentity,tensorflow
tf.linalg.LinearOperatorTridiag,tensorflow
tf.linalg.LinearOperatorZeros,tensorflow
tf.linalg.banded_triangular_solve,tensorflow
tf.linalg.cholesky_solve,tensorflow
tf.linalg.det,tensorflow
tf.linalg.expm,tensorflow
tf.linalg.inv,tensorflow
tf.linalg.lu_solve,tensorflow
tf.linalg.matmul,tensorflow
tf.linalg.matrix_transpose,tensorflow
tf.linalg.matvec,tensorflow
tf.linalg.tensor_diag,tensorflow
tf.linalg.triangular_solve,tensorflow
tf.linalg.tridiagonal_matmul,tensorflow
tf.linalg.tridiagonal_solve,tensorflow
tf.lite.Optimize,tensorflow
tf.lite.TFLiteConverter,tensorflow
tf.lite.experimental.Analyzer,tensorflow
tf.lite.experimental.load_delegate,tensorflow
tf.lookup.experimental.MutableHashTable,tensorflow
tf.make_tensor_proto,tensorflow
tf.math.accumulate_n,tensorflow
tf.math.acos,tensorflow
tf.math.add,tensorflow
tf.math.add_n,tensorflow
tf.math.argmax,tensorflow
tf.math.argmin,tensorflow
tf.math.asin,tensorflow
tf.math.asinh,tensorflow
tf.math.atanh,tensorflow
tf.math.bincount,tensorflow
tf.math.ceil,tensorflow
tf.math.cos,tensorflow
tf.math.cumsum,tensorflow
tf.math.digamma,tensorflow
tf.math.divide,tensorflow
tf.math.equal,tensorflow
tf.math.erfinv,tensorflow
tf.math.exp,tensorflow
tf.math.expm1,tensorflow
tf.math.floor,tensorflow
tf.math.in_top_k,tensorflow
tf.math.l2_normalize,tensorflow
tf.math.lbeta,tensorflow
tf.math.less_equal,tensorflow
tf.math.logical_not,tensorflow
tf.math.logical_or,tensorflow
tf.math.logical_xor,tensorflow
tf.math.multiply,tensorflow
tf.math.ndtri,tensorflow
tf.math.not_equal,tensorflow
tf.math.polygamma,tensorflow
tf.math.real,tensorflow
tf.math.reduce_logsumexp,tensorflow
tf.math.reduce_mean,tensorflow
tf.math.reduce_variance,tensorflow
tf.math.round,tensorflow
tf.math.segment_mean,tensorflow
tf.math.segment_min,tensorflow
tf.math.segment_sum,tensorflow
tf.math.sigmoid,tensorflow
tf.math.sinh,tensorflow
tf.math.special.dawsn,tensorflow
tf.math.special.expint,tensorflow
tf.math.special.spence,tensorflow
tf.math.squared_difference,tensorflow
tf.math.top_k,tensorflow
tf.math.truediv,tensorflow
tf.mlir.experimental,tensorflow
tf.mlir.experimental.convert_function,tensorflow
tf.mlir.experimental.convert_graph_def,tensorflow
tf.mlir.experimental.convert_saved_model_v1,tensorflow
tf.nest,tensorflow
tf.nest.is_nested,tensorflow
tf.nn.atrous_conv2d,tensorflow
tf.nn.bias_add,tensorflow
tf.nn.conv1d,tensorflow
tf.nn.conv1d_transpose,tensorflow
tf.nn.conv2d,tensorflow
tf.nn.conv3d,tensorflow
tf.nn.convolution,tensorflow
tf.nn.crelu,tensorflow
tf.nn.depth_to_space,tensorflow
tf.nn.experimental,tensorflow
tf.nn.isotonic_regression,tensorflow
tf.nn.local_response_normalization,tensorflow
tf.nn.log_poisson_loss,tensorflow
tf.nn.log_softmax,tensorflow
tf.nn.max_pool,tensorflow
tf.nn.max_pool1d,tensorflow
tf.nn.relu,tensorflow
tf.nn.safe_embedding_lookup_sparse,tensorflow
tf.nn.silu,tensorflow
tf.nn.softmax,tensorflow
tf.nn.softmax_cross_entropy_with_logits,tensorflow
tf.nn.softsign,tensorflow
tf.nn.space_to_depth,tensorflow
tf.nn.sparse_softmax_cross_entropy_with_logits,tensorflow
tf.nondifferentiable_batch_function,tensorflow
tf.norm,tensorflow
tf.numpy_function,tensorflow
tf.one_hot,tensorflow
tf.ones_like,tensorflow
tf.pad,tensorflow
tf.profiler,tensorflow
tf.profiler.experimental,tensorflow
tf.profiler.experimental.Profile,tensorflow
tf.profiler.experimental.client,tensorflow
tf.profiler.experimental.client.monitor,tensorflow
tf.profiler.experimental.server,tensorflow
tf.py_function,tensorflow
tf.quantization,tensorflow
tf.quantization.quantize,tensorflow
tf.quantization.quantized_concat,tensorflow
tf.queue.FIFOQueue,tensorflow
tf.queue.PriorityQueue,tensorflow
tf.ragged,tensorflow
tf.ragged.boolean_mask,tensorflow
tf.ragged.cross,tensorflow
tf.ragged_fill_empty_rows,tensorflow
tf.random,tensorflow
tf.random.create_rng_state,tensorflow
tf.random.normal,tensorflow
tf.random.poisson,tensorflow
tf.random.split,tensorflow
tf.random.stateless_binomial,tensorflow
tf.random.stateless_gamma,tensorflow
tf.random.stateless_normal,tensorflow
tf.random.stateless_poisson,tensorflow
tf.random.uniform_candidate_sampler,tensorflow
tf.random_uniform_initializer,tensorflow
tf.rank,tensorflow
tf.raw_ops.Acosh,tensorflow
tf.raw_ops.Add,tensorflow
tf.raw_ops.AddManySparseToTensorsMap,tensorflow
tf.raw_ops.Angle,tensorflow
tf.raw_ops.AnonymousIterator,tensorflow
tf.raw_ops.Any,tensorflow
tf.raw_ops.ApplyCenteredRMSProp,tensorflow
tf.raw_ops.ApproxTopK,tensorflow
tf.raw_ops.ArgMax,tensorflow
tf.raw_ops.ArgMin,tensorflow
tf.raw_ops.Asin,tensorflow
tf.raw_ops.Asinh,tensorflow
tf.raw_ops.Atan2,tensorflow
tf.raw_ops.Atanh,tensorflow
tf.raw_ops.AvgPool,tensorflow
tf.raw_ops.BatchMatMul,tensorflow
tf.raw_ops.BatchMatrixBandPart,tensorflow
tf.raw_ops.BatchMatrixDeterminant,tensorflow
tf.raw_ops.BatchMatrixDiag,tensorflow
tf.raw_ops.BatchMatrixSetDiag,tensorflow
tf.raw_ops.BatchToSpaceND,tensorflow
tf.raw_ops.BiasAdd,tensorflow
tf.raw_ops.BiasAddV1,tensorflow
tf.raw_ops.Bincount,tensorflow
tf.raw_ops.BitwiseAnd,tensorflow
tf.raw_ops.BitwiseOr,tensorflow
tf.raw_ops.BitwiseXor,tensorflow
tf.raw_ops.BoostedTreesFlushQuantileSummaries,tensorflow
tf.raw_ops.Case,tensorflow
tf.raw_ops.Ceil,tensorflow
tf.raw_ops.CollectiveReduce,tensorflow
tf.raw_ops.CombinedNonMaxSuppression,tensorflow
tf.raw_ops.Concat,tensorflow
tf.raw_ops.ConcatV2,tensorflow
tf.raw_ops.ConfigureTPUEmbedding,tensorflow
tf.raw_ops.Const,tensorflow
tf.raw_ops.ControlTrigger,tensorflow
tf.raw_ops.Conv,tensorflow
tf.raw_ops.Conv2D,tensorflow
tf.raw_ops.Conv2DBackpropInput,tensorflow
tf.raw_ops.Conv3D,tensorflow
tf.raw_ops.Conv3DBackpropInput,tensorflow
tf.raw_ops.Conv3DBackpropInputV2,tensorflow
tf.raw_ops.CopyHost,tensorflow
tf.raw_ops.Cos,tensorflow
tf.raw_ops.CountUpTo,tensorflow
tf.raw_ops.Cumsum,tensorflow
tf.raw_ops.CumulativeLogsumexp,tensorflow
tf.raw_ops.DataServiceDatasetV2,tensorflow
tf.raw_ops.DataServiceDatasetV3,tensorflow
tf.raw_ops.DataServiceDatasetV4,tensorflow
tf.raw_ops.Dawsn,tensorflow
tf.raw_ops.DecodeCSV,tensorflow
tf.raw_ops.DenseToCSRSparseMatrix,tensorflow
tf.raw_ops.DepthwiseConv2dNative,tensorflow
tf.raw_ops.DepthwiseConv2dNativeBackpropFilter,tensorflow
tf.raw_ops.DepthwiseConv2dNativeBackpropInput,tensorflow
tf.raw_ops.DiagPart,tensorflow
tf.raw_ops.Dilation2D,tensorflow
tf.raw_ops.Dilation2DBackpropInput,tensorflow
tf.raw_ops.Einsum,tensorflow
tf.raw_ops.EnqueueTPUEmbeddingSparseBatch,tensorflow
tf.raw_ops.Equal,tensorflow
tf.raw_ops.EuclideanNorm,tensorflow
tf.raw_ops.Exp,tensorflow
tf.raw_ops.ExpandDims,tensorflow
tf.raw_ops.ExperimentalGroupByReducerDataset,tensorflow
tf.raw_ops.ExperimentalIgnoreErrorsDataset,tensorflow
tf.raw_ops.ExperimentalPrivateThreadPoolDataset,tensorflow
tf.raw_ops.ExperimentalScanDataset,tensorflow
tf.raw_ops.ExperimentalThreadPoolDataset,tensorflow
tf.raw_ops.ExperimentalThreadPoolHandle,tensorflow
tf.raw_ops.Expint,tensorflow
tf.raw_ops.Expm1,tensorflow
tf.raw_ops.FFT3D,tensorflow
tf.raw_ops.FIFOQueue,tensorflow
tf.raw_ops.Fact,tensorflow
tf.raw_ops.FakeParam,tensorflow
tf.raw_ops.Floor,tensorflow
tf.raw_ops.FloorMod,tensorflow
tf.raw_ops.FusedBatchNorm,tensorflow
tf.raw_ops.FusedPadConv2D,tensorflow
tf.raw_ops.Gather,tensorflow
tf.raw_ops.GatherV2,tensorflow
tf.raw_ops.GetOptions,tensorflow
tf.raw_ops.GroupByReducerDataset,tensorflow
tf.raw_ops.GroupByWindowDataset,tensorflow
tf.raw_ops.IFFT2D,tensorflow
tf.raw_ops.Identity,tensorflow
tf.raw_ops.Igamma,tensorflow
tf.raw_ops.IgammaGradA,tensorflow
tf.raw_ops.Igammac,tensorflow
tf.raw_ops.Imag,tensorflow
tf.raw_ops.ImmutableConst,tensorflow
tf.raw_ops.InplaceUpdate,tensorflow
tf.raw_ops.InvertPermutation,tensorflow
tf.raw_ops.IsInf,tensorflow
tf.raw_ops.IsNan,tensorflow
tf.raw_ops.IsTPUEmbeddingInitialized,tensorflow
tf.raw_ops.Iterator,tensorflow
tf.raw_ops.LeftShift,tensorflow
tf.raw_ops.Less,tensorflow
tf.raw_ops.LessEqual,tensorflow
tf.raw_ops.LoadTPUEmbeddingCenteredRMSPropParameters,tensorflow
tf.raw_ops.LoadTPUEmbeddingFTRLParameters,tensorflow
tf.raw_ops.LogSoftmax,tensorflow
tf.raw_ops.MatrixInverse,tensorflow
tf.raw_ops.Max,tensorflow
tf.raw_ops.MaxPool,tensorflow
tf.raw_ops.MaxPool3DGrad,tensorflow
tf.raw_ops.MergeSummary,tensorflow
tf.raw_ops.Min,tensorflow
tf.raw_ops.MirrorPad,tensorflow
tf.raw_ops.Mod,tensorflow
tf.raw_ops.ModelDataset,tensorflow
tf.raw_ops.Mul,tensorflow
tf.raw_ops.MultiDeviceIterator,tensorflow
tf.raw_ops.Neg,tensorflow
tf.raw_ops.NoOp,tensorflow
tf.raw_ops.NonMaxSuppression,tensorflow
tf.raw_ops.NotEqual,tensorflow
tf.raw_ops.OneHot,tensorflow
tf.raw_ops.OnesLike,tensorflow
tf.raw_ops.OptionalHasValue,tensorflow
tf.raw_ops.OutfeedEnqueueTuple,tensorflow
tf.raw_ops.PaddedBatchDataset,tensorflow
tf.raw_ops.PaddedBatchDatasetV2,tensorflow
tf.raw_ops.ParallelInterleaveDatasetV4,tensorflow
tf.raw_ops.PartitionedCall,tensorflow
tf.raw_ops.Polygamma,tensorflow
tf.raw_ops.PopulationCount,tensorflow
tf.raw_ops.PrivateThreadPoolDataset,tensorflow
tf.raw_ops.Prod,tensorflow
tf.raw_ops.QuantizedConcat,tensorflow
tf.raw_ops.QuantizedConv2D,tensorflow
tf.raw_ops.QuantizedDepthwiseConv2DWithBias,tensorflow
tf.raw_ops.QuantizedDepthwiseConv2DWithBiasAndRelu,tensorflow
tf.raw_ops.QueueIsClosed,tensorflow
tf.raw_ops.QueueIsClosedV2,tensorflow
tf.raw_ops.RaggedBincount,tensorflow
tf.raw_ops.RaggedCountSparseOutput,tensorflow
tf.raw_ops.RaggedGather,tensorflow
tf.raw_ops.RaggedTensorFromVariant,tensorflow
tf.raw_ops.RandomCrop,tensorflow
tf.raw_ops.RandomDataset,tensorflow
tf.raw_ops.RandomShuffleQueue,tensorflow
tf.raw_ops.RandomShuffleQueueV2,tensorflow
tf.raw_ops.RandomStandardNormal,tensorflow
tf.raw_ops.RandomUniform,tensorflow
tf.raw_ops.RandomUniformInt,tensorflow
tf.raw_ops.Rank,tensorflow
tf.raw_ops.Real,tensorflow
tf.raw_ops.Recv,tensorflow
tf.raw_ops.ReduceDataset,tensorflow
tf.raw_ops.RefIdentity,tensorflow
tf.raw_ops.Relu6Grad,tensorflow
tf.raw_ops.RemoteCall,tensorflow
tf.raw_ops.RequantizationRangePerChannel,tensorflow
tf.raw_ops.ResizeBilinear,tensorflow
tf.raw_ops.ResizeNearestNeighborGrad,tensorflow
tf.raw_ops.ResourceApplyAdamWithAmsgrad,tensorflow
tf.raw_ops.ResourceApplyCenteredRMSProp,tensorflow
tf.raw_ops.ResourceApplyProximalGradientDescent,tensorflow
tf.raw_ops.ResourceCountUpTo,tensorflow
tf.raw_ops.ResourceSparseApplyCenteredRMSProp,tensorflow
tf.raw_ops.ResourceSparseApplyKerasMomentum,tensorflow
tf.raw_ops.ResourceSparseApplyProximalAdagrad,tensorflow
tf.raw_ops.RightShift,tensorflow
tf.raw_ops.Roll,tensorflow
tf.raw_ops.Round,tensorflow
tf.raw_ops.Rsqrt,tensorflow
tf.raw_ops.Save,tensorflow
tf.raw_ops.SaveSlices,tensorflow
tf.raw_ops.SaveV2,tensorflow
tf.raw_ops.ScatterNd,tensorflow
tf.raw_ops.SegmentMax,tensorflow
tf.raw_ops.SegmentSumV2,tensorflow
tf.raw_ops.SelfAdjointEig,tensorflow
tf.raw_ops.SelfAdjointEigV2,tensorflow
tf.raw_ops.Send,tensorflow
tf.raw_ops.SerializeManySparse,tensorflow
tf.raw_ops.Shape,tensorflow
tf.raw_ops.Sign,tensorflow
tf.raw_ops.Sin,tensorflow
tf.raw_ops.Size,tensorflow
tf.raw_ops.Softmax,tensorflow
tf.raw_ops.Softsign,tensorflow
tf.raw_ops.SpaceToDepth,tensorflow
tf.raw_ops.SparseApplyCenteredRMSProp,tensorflow
tf.raw_ops.SparseApplyFtrl,tensorflow
tf.raw_ops.SparseApplyFtrlV2,tensorflow
tf.raw_ops.SparseApplyProximalAdagrad,tensorflow
tf.raw_ops.SparseBincount,tensorflow
tf.raw_ops.SparseCountSparseOutput,tensorflow
tf.raw_ops.SparseCross,tensorflow
tf.raw_ops.SparseMatrixAdd,tensorflow
tf.raw_ops.SparseMatrixMul,tensorflow
tf.raw_ops.SparseMatrixNNZ,tensorflow
tf.raw_ops.SparseMatrixOrderingAMD,tensorflow
tf.raw_ops.SparseMatrixSparseMatMul,tensorflow
tf.raw_ops.SparseMatrixTranspose,tensorflow
tf.raw_ops.SparseReduceSum,tensorflow
tf.raw_ops.SparseReorder,tensorflow
tf.raw_ops.SparseReshape,tensorflow
tf.raw_ops.SparseSegmentMean,tensorflow
tf.raw_ops.SparseSegmentMeanGradV2,tensorflow
tf.raw_ops.SparseSegmentSqrtN,tensorflow
tf.raw_ops.SparseSegmentSqrtNGrad,tensorflow
tf.raw_ops.SparseSegmentSqrtNGradV2,tensorflow
tf.raw_ops.SparseSegmentSqrtNWithNumSegments,tensorflow
tf.raw_ops.SparseSegmentSum,tensorflow
tf.raw_ops.SparseSegmentSumWithNumSegments,tensorflow
tf.raw_ops.SparseSoftmax,tensorflow
tf.raw_ops.SparseSplit,tensorflow
tf.raw_ops.SparseTensorSliceDataset,tensorflow
tf.raw_ops.Split,tensorflow
tf.raw_ops.StatefulStandardNormal,tensorflow
tf.raw_ops.StatefulTruncatedNormal,tensorflow
tf.raw_ops.StatefulUniform,tensorflow
tf.raw_ops.StatefulUniformFullInt,tensorflow
tf.raw_ops.StatefulUniformInt,tensorflow
tf.raw_ops.StatelessRandomBinomial,tensorflow
tf.raw_ops.StatelessRandomGammaV2,tensorflow
tf.raw_ops.StatelessRandomGammaV3,tensorflow
tf.raw_ops.StatelessRandomNormal,tensorflow
tf.raw_ops.StatelessRandomPoisson,tensorflow
tf.raw_ops.StatelessRandomUniform,tensorflow
tf.raw_ops.StatelessRandomUniformInt,tensorflow
tf.raw_ops.StatelessTruncatedNormalV2,tensorflow
tf.raw_ops.StatsAggregatorSetSummaryWriter,tensorflow
tf.raw_ops.Substr,tensorflow
tf.raw_ops.Switch,tensorflow
tf.raw_ops.TFRecordDataset,tensorflow
tf.raw_ops.TFRecordDatasetV2,tensorflow
tf.raw_ops.TPUEmbeddingActivations,tensorflow
tf.raw_ops.TPUReplicatedInput,tensorflow
tf.raw_ops.Tanh,tensorflow
tf.raw_ops.TanhGrad,tensorflow
tf.raw_ops.TensorListScatter,tensorflow
tf.raw_ops.TensorListScatterV2,tensorflow
tf.raw_ops.TextLineDataset,tensorflow
tf.raw_ops.ThreadPoolDataset,tensorflow
tf.raw_ops.ThreadPoolHandle,tensorflow
tf.raw_ops.Tile,tensorflow
tf.raw_ops.TopK,tensorflow
tf.raw_ops.TridiagonalMatMul,tensorflow
tf.raw_ops.TridiagonalSolve,tensorflow
tf.raw_ops.TruncateDiv,tensorflow
tf.raw_ops.TruncateMod,tensorflow
tf.raw_ops.TruncatedNormal,tensorflow
tf.raw_ops.Unbatch,tensorflow
tf.raw_ops.UnbatchGrad,tensorflow
tf.raw_ops.UnicodeScript,tensorflow
tf.raw_ops.UniformQuantizedConvolutionHybrid,tensorflow
tf.raw_ops.UniformRequantize,tensorflow
tf.raw_ops.UniqueDataset,tensorflow
tf.raw_ops.Unpack,tensorflow
tf.raw_ops.UnsortedSegmentSum,tensorflow
tf.raw_ops.Unstage,tensorflow
tf.raw_ops.VarHandleOp,tensorflow
tf.raw_ops.Where,tensorflow
tf.raw_ops.While,tensorflow
tf.raw_ops.XlaConcatND,tensorflow
tf.raw_ops.XlaSplitND,tensorflow
tf.raw_ops.Xlog1py,tensorflow
tf.recompute_grad,tensorflow
tf.repeat,tensorflow
tf.reshape,tensorflow
tf.roll,tensorflow
tf.saved_model.experimental.read_fingerprint,tensorflow
tf.saved_model.load,tensorflow
tf.scatter_nd,tensorflow
tf.sets.difference,tensorflow
tf.sets.intersection,tensorflow
tf.sets.size,tensorflow
tf.shape,tensorflow
tf.shape_n,tensorflow
tf.signal,tensorflow
tf.signal.fft2d,tensorflow
tf.signal.inverse_mdct,tensorflow
tf.signal.inverse_stft,tensorflow
tf.signal.mdct,tensorflow
tf.signal.stft,tensorflow
tf.size,tensorflow
tf.slice,tensorflow
tf.sort,tensorflow
tf.sparse.add,tensorflow
tf.sparse.bincount,tensorflow
tf.sparse.concat,tensorflow
tf.sparse.mask,tensorflow
tf.sparse.maximum,tensorflow
tf.sparse.retain,tensorflow
tf.sparse.segment_mean,tensorflow
tf.sparse.segment_sum,tensorflow
tf.sparse.softmax,tensorflow
tf.sparse.sparse_dense_matmul,tensorflow
tf.sparse.transpose,tensorflow
tf.split,tensorflow
tf.stack,tensorflow
tf.strided_slice,tensorflow
tf.strings.as_string,tensorflow
tf.strings.reduce_join,tensorflow
tf.strings.substr,tensorflow
tf.strings.to_hash_bucket_fast,tensorflow
tf.strings.to_number,tensorflow
tf.summary,tensorflow
tf.summary.experimental.get_step,tensorflow
tf.summary.experimental.write_raw_pb,tensorflow
tf.summary.graph,tensorflow
tf.summary.write,tensorflow
tf.switch_case,tensorflow
tf.sysconfig.get_build_info,tensorflow
tf.sysconfig.get_compile_flags,tensorflow
tf.sysconfig.get_link_flags,tensorflow
tf.test,tensorflow
tf.test.Benchmark,tensorflow
tf.test.TestCase,tensorflow
tf.test.experimental,tensorflow
tf.test.is_built_with_cuda,tensorflow
tf.test.is_built_with_rocm,tensorflow
tf.test.is_built_with_xla,tensorflow
tf.test.is_gpu_available,tensorflow
tf.tile,tensorflow
tf.tpu.XLAOptions,tensorflow
tf.tpu.experimental.DeviceAssignment,tensorflow
tf.tpu.experimental.TPUSystemMetadata,tensorflow
tf.tpu.experimental.Topology,tensorflow
tf.tpu.experimental.embedding.Adam,tensorflow
tf.tpu.experimental.embedding.FTRL,tensorflow
tf.tpu.experimental.embedding.QuantizationConfig,tensorflow
tf.tpu.experimental.embedding.TPUEmbeddingV0,tensorflow
tf.tpu.experimental.initialize_tpu_system,tensorflow
tf.train,tensorflow
tf.train.CheckpointOptions,tensorflow
tf.train.Coordinator,tensorflow
tf.train.ExponentialMovingAverage,tensorflow
tf.train.Feature,tensorflow
tf.train.SequenceExample,tensorflow
tf.train.list_variables,tensorflow
tf.truncatemod,tensorflow
tf.types,tensorflow
tf.types.experimental,tensorflow
tf.types.experimental.Callable,tensorflow
tf.types.experimental.PolymorphicFunction,tensorflow
tf.types.experimental.distributed,tensorflow
tf.where,tensorflow
tf.xla.experimental.compile,tensorflow
torch.istft,tensorflow
torch.stft,tensorflow
Set,other
SmartSet,other
__add__,other
__enter__,other
__iter__,other
__le__,other
__mod__,other
__sub__,other
advise,other
argmax,other
begin,other
build,other
experimental_from_jax,other
fit,other
fit_on_sequences,other
flow,other
flow_from_dataframe,other
flow_from_directory,other
flush,other
from_config,other
from_device,other
from_frozen_graph,other
from_keras_model,other
from_keras_model_file,other
from_saved_model,other
from_single_device_mesh,other
get,other
get_collection,other
get_input_arrays,other
get_variable,other
init,other
last_triggered_step,other
offset_to_shard,other
reset,other
seek,other
select,other
sequences_to_matrix,other
set_metadata,other
tell,other
update,other
validate,other
view,other
with_pprof_output,other
