source_api,target_api,source_doc_snippet,target_doc_snippet
torch.no_grad,,,
torch.compile,tensorflow.python.ops.random_ops_util.get_key_counter_alg,,"Calculates the key, counter and algorithm to pass to raw RNG ops. This function calculates the key and counter, and determines the algorithm that will be passed to the raw RNG ops like `StatelessRandomUniformV2`. Depending on the input `alg`, the key and counter may be scrambled or copied from `seed`. If `alg` is `""auto_select""`, the key and counter will be determined at runtime based on device type. Args: seed: An integer tensor of shape [2]. The seed to calculate the key and counter from. alg:"
torch._dynamo.graph_break,,,
torch.compile,tensorflow.python.ops.random_ops_util.get_key_counter_alg,,"Calculates the key, counter and algorithm to pass to raw RNG ops. This function calculates the key and counter, and determines the algorithm that will be passed to the raw RNG ops like `StatelessRandomUniformV2`. Depending on the input `alg`, the key and counter may be scrambled or copied from `seed`. If `alg` is `""auto_select""`, the key and counter will be determined at runtime based on device type. Args: seed: An integer tensor of shape [2]. The seed to calculate the key and counter from. alg:"
torch.ones,,,
torch.nn.MSELoss,,,
torch.randn,,,
torch.nn.Linear,,,
torch.logsumexp,,,
torch.tensor,tensorflow.python.summary.writer.event_file_writer_v2.flush,,Flushes the event file to disk. Call this method to make sure that all pending events have been written to disk.
torch.randn,,,
torch._dynamo.graph_break,,,
torch.compile,tensorflow.python.ops.random_ops_util.get_key_counter_alg,,"Calculates the key, counter and algorithm to pass to raw RNG ops. This function calculates the key and counter, and determines the algorithm that will be passed to the raw RNG ops like `StatelessRandomUniformV2`. Depending on the input `alg`, the key and counter may be scrambled or copied from `seed`. If `alg` is `""auto_select""`, the key and counter will be determined at runtime based on device type. Args: seed: An integer tensor of shape [2]. The seed to calculate the key and counter from. alg:"
torch.atan2,,,
torch.tensor,tensorflow.python.summary.writer.event_file_writer_v2.flush,,Flushes the event file to disk. Call this method to make sure that all pending events have been written to disk.
torch.cuda.device_count,,,
torch.cuda.set_device,tensorflow.python.debug.lib.source_remote.send_eager_tracebacks,,"Send the tracebacks of an eager execution call to debug server(s). Args: destinations: gRPC destination addresses, a `str` or a `list` of `str`s, e.g., ""localhost:4242"". If a `list`, gRPC requests containing the same origin_stack: The traceback of the eager operation invocation. send_source: Whether the source files involved in the op tracebacks but outside the TensorFlow library are to be sent."
torch.multiprocessing.spawn,tensorflow.python.distribute.coordinator.cluster_coordinator.wait,,"Wait for all closures to be finished before returning. If `mark_failed` was called before or during `wait`, the error from the first invocation of `mark_failed` will be raised. Args: timeout: A float specifying a timeout for the wait in seconds. Returns: True unless the given timeout expired, in which case it returns False."
torch.distributed.destroy_process_group,,,
torch.cuda.memory_allocated,,,
torch.cuda.synchronize,,,
torch.distributed.init_process_group,,,
torch.jit.script,tensorflow.python.keras.backend_config.image_data_format,,"Returns the default image data format convention. Returns: A string, either `'channels_first'` or `'channels_last'` Example: >>> tf.keras.backend.image_data_format() 'channels_last'"
torch.testing.assert_close,,,
torch.tensor,tensorflow.python.summary.writer.event_file_writer_v2.flush,,Flushes the event file to disk. Call this method to make sure that all pending events have been written to disk.
torch.no_grad,,,
torch.abs,tensorflow.python.ops.array_ops.identity,,"Return a Tensor with the same shape and contents as input. The return value is not the same Tensor as the original, but contains the same values. This operation is fast when used on the same device. For example: >>> a = tf.constant([0.78]) >>> a_identity = tf.identity(a) >>> a.numpy() array([0.78], dtype=float32) >>> a_identity.numpy() array([0.78], dtype=float32) Calling `tf.identity` on a variable will make a Tensor that represents the value of that variable at the time it is called. This is e"
torch.rand,tensorflow.python.client.session.list_devices,,"Lists available devices in this session. python devices = sess.list_devices() for d in devices: print(d.name) Where: Each element in the list has the following properties name: A string with the full name of the device. ex: `/job:worker/replica:0/task:3/device:CPU:0` device_type: The type of the device (e.g. `CPU`, `GPU`, `TPU`.) memory_limit: The maximum amount of memory available on the device. Note: depending on the device, it is possible the usable memory could be substantially less. Raises:"
torch.randn,,,
torch.device,tensorflow.python.eager.context.get_device_name,,Get the device name for the current thread. Returns: The device name for the current thread.
torch.backends.mps.is_available,,,
torch.tensor,tensorflow.python.summary.writer.event_file_writer_v2.flush,,Flushes the event file to disk. Call this method to make sure that all pending events have been written to disk.
torch.fx.symbolic_trace,,,
torch.fx.Interpreter,,,
torch.randn,,,
torch.addmm,,,
torch.randn,,,
torch.utils.checkpoint.checkpoint,tensorflow.python.keras.engine.base_layer_utils.make_variable,,"Temporary util to create a variable (relies on `variable_scope.variable`). Some reuse-related technicalities prevent us from using `variable_scope.get_variable()` directly, so we use a subcomponent that has fewer constraints (`variable_scope.variable()`). In the longer term, it seems like a similar ""default variable creator"" method should exist in `Trackable` instead. When this happens, we can get rid of this temporary solution. TODO(fchollet): remove this method when no longer needed. Args: nam"
torch.cuda.amp.autocast,tensorflow.python.keras.backend.set_value,,"Sets the value of a variable, from a Numpy array. `backend.set_value` is the complement of `backend.get_value`, and provides a generic interface for assigning to variables while abstracting away the differences between TensorFlow 1.x and 2.x semantics. {snippet} Args: x: Variable to set to a new value. value: Value to set the tensor to, as a Numpy array (of the same shape)."
torch.nn.functional.linear,tensorflow.python.ops.array_ops.parallel_stack,,"Stacks a list of rank-`R` tensors into one rank-`(R+1)` tensor in parallel. Requires that the shape of inputs be known at graph construction time. Packs the list of tensors in `values` into a tensor with rank one higher than each tensor in `values`, by packing them along the first dimension. Given a list of length `N` of tensors of shape `(A, B, C)`; the `output` tensor will have the shape `(N, A, B, C)`. For example: python x = tf.constant([1, 4]) y = tf.constant([2, 5]) z = tf.constant([3, 6])"
torch.randn,,,
torch.einsum,,,
torch.onnx.export,tensorflow.python.framework.func_graph.func_graph_from_py_func,,"Returns a `FuncGraph` generated from `python_func`. Args: name: an identifier for the function. python_func: the Python function to trace. args: the positional args with which the Python function should be called; ignored if a signature is provided. kwargs: the keyword args with which the Python function should be called; ignored if a signature is provided. signature: a possibly nested sequence of `TensorSpecs` specifying the shapes and dtypes of the arguments. When a signature is provided, `arg"
torch.rand,tensorflow.python.client.session.list_devices,,"Lists available devices in this session. python devices = sess.list_devices() for d in devices: print(d.name) Where: Each element in the list has the following properties name: A string with the full name of the device. ex: `/job:worker/replica:0/task:3/device:CPU:0` device_type: The type of the device (e.g. `CPU`, `GPU`, `TPU`.) memory_limit: The maximum amount of memory available on the device. Note: depending on the device, it is possible the usable memory could be substantially less. Raises:"
torch.randn,,,
torch.tensor,tensorflow.python.summary.writer.event_file_writer_v2.flush,,Flushes the event file to disk. Call this method to make sure that all pending events have been written to disk.
torch.nn.functional.max_unpool2d,,,
torch.backends.mps.is_available,,,
torch.no_grad,,,
torch._dynamo.graph_break,,,
torch.compile,tensorflow.python.ops.random_ops_util.get_key_counter_alg,,"Calculates the key, counter and algorithm to pass to raw RNG ops. This function calculates the key and counter, and determines the algorithm that will be passed to the raw RNG ops like `StatelessRandomUniformV2`. Depending on the input `alg`, the key and counter may be scrambled or copied from `seed`. If `alg` is `""auto_select""`, the key and counter will be determined at runtime based on device type. Args: seed: An integer tensor of shape [2]. The seed to calculate the key and counter from. alg:"
torch.ones,,,
torch.nn.ModuleList,,,
torch.randint,,,
torch.distributed.pipelining.pipeline,,,
torch.nn.Embedding,,,
torch.manual_seed,tensorflow.python.ops.stateful_random_ops.from_seed,,"Creates a generator from a seed. A seed is a 1024-bit unsigned integer represented either as a Python integer or a vector of integers. Seeds shorter than 1024-bit will be padded. The padding, the internal structure of a seed and the way a seed is converted to a state are all opaque (unspecified). The only semantics specification of seeds is that two different seeds are likely to produce two independent generators (but no guarantee). Args: seed: the seed for the RNG. alg: (optional) the RNG algor"
torch.sparse_coo_tensor,,,
torch.sparse.mm,tensorflow.python.ops.logging_ops.merge_summary,,"Merges summaries. This op is deprecated. Please switch to tf.compat.v1.summary.merge, which has identical behavior. This op creates a [`Summary`](https://www.tensorflow.org/code/tensorflow/core/framework/summary.proto) protocol buffer that contains the union of all the values in the input summaries. When the Op is run, it reports an `InvalidArgument` error if multiple values in the summaries to merge use the same tag. Args: inputs: A list of `string` `Tensor` objects containing serialized `Summa"
torch.tensor,tensorflow.python.summary.writer.event_file_writer_v2.flush,,Flushes the event file to disk. Call this method to make sure that all pending events have been written to disk.
torch._dynamo.optimize,tensorflow.python.ops.distributions.distribution.copy,,"Creates a deep copy of the distribution. Note: the copy distribution may continue to depend on the original initialization arguments. Args: **override_parameters_kwargs: String/value dictionary of initialization arguments to override with new values. Returns: distribution: A new instance of `type(self)` initialized from the union of self.parameters and override_parameters_kwargs, i.e., `dict(self.parameters, **override_parameters_kwargs)`."
torch.nn.functional.scaled_dot_product_attention,,,
torch.randn,,,
torch.ones_like,,,
torch.func.jvp,tensorflow.python.ops.math_ops.cumulative_logsumexp,,"Compute the cumulative log-sum-exp of the tensor `x` along `axis`. By default, this op performs an inclusive cumulative log-sum-exp, which means that the first element of the input is identical to the first element of the output. This operation is significantly more numerically stable than the equivalent tensorflow operation `tf.math.log(tf.math.cumsum(tf.math.exp(x)))`, although computes the same result given infinite numerical precision. However, note that in some cases, it may be less stable "
torch.distributed.new_subgroups_by_enumeration,tensorflow.python.distribute.cluster_resolver.cluster_resolver.task_type,,"Returns the task type this `ClusterResolver` indicates. In TensorFlow distributed environment, each job may have an applicable task type. Valid task types in TensorFlow include 'chief': a worker that is designated with more responsibility, 'worker': a regular worker for training/evaluation, 'ps': a parameter server, or 'evaluator': an evaluator that evaluates the checkpoints for metrics. See [Multi-worker configuration]( https://www.tensorflow.org/tutorials/distribute/multi_worker_with_keras#mul"
torch.distributed.get_world_size,,,
torch.autocast,tensorflow.python.keras.backend.set_value,,"Sets the value of a variable, from a Numpy array. `backend.set_value` is the complement of `backend.get_value`, and provides a generic interface for assigning to variables while abstracting away the differences between TensorFlow 1.x and 2.x semantics. {snippet} Args: x: Variable to set to a new value. value: Value to set the tensor to, as a Numpy array (of the same shape)."
torch.zeros,,,
torch.ones,,,
torch.softmax,tensorflow.python.keras.engine.base_layer.input_spec,,"`InputSpec` instance(s) describing the input format for this layer. When you create a layer subclass, you can set `self.input_spec` to enable the layer to run input compatibility checks when it is called. Consider a `Conv2D` layer: it can only be called on a single input tensor of rank 4. As such, you can set, in `__init__()`: python self.input_spec = tf.keras.layers.InputSpec(ndim=4) Now, if you try to call the layer on an input that isn't rank 4 (for instance, an input of shape `(2,)`, it will"
torch.arange,,,
torch.matmul,tensorflow.python.ops.array_ops.transpose_v2,,"Transposes `a`, where `a` is a Tensor. Permutes the dimensions according to the value of `perm`. The returned tensor's dimension `i` will correspond to the input dimension `perm[i]`. If `perm` is not given, it is set to (n-1...0), where n is the rank of the input tensor. Hence, by default, this operation performs a regular matrix transpose on 2-D input Tensors. If conjugate is `True` and `a.dtype` is either `complex64` or `complex128` then the values of `a` are conjugated and transposed. @compat"
torch.linalg.cholesky_solve,,,
torch.randn,,,
torch.cuda.is_available,,,
torch.device,tensorflow.python.eager.context.get_device_name,,Get the device name for the current thread. Returns: The device name for the current thread.
torch.linalg.solve_triangular,,,
torch.zeros,,,
torch.ones,,,
torch.rand,tensorflow.python.client.session.list_devices,,"Lists available devices in this session. python devices = sess.list_devices() for d in devices: print(d.name) Where: Each element in the list has the following properties name: A string with the full name of the device. ex: `/job:worker/replica:0/task:3/device:CPU:0` device_type: The type of the device (e.g. `CPU`, `GPU`, `TPU`.) memory_limit: The maximum amount of memory available on the device. Note: depending on the device, it is possible the usable memory could be substantially less. Raises:"
torch.linalg.qr,,,
torch.cuda.is_available,,,
torch.compile,tensorflow.python.ops.random_ops_util.get_key_counter_alg,,"Calculates the key, counter and algorithm to pass to raw RNG ops. This function calculates the key and counter, and determines the algorithm that will be passed to the raw RNG ops like `StatelessRandomUniformV2`. Depending on the input `alg`, the key and counter may be scrambled or copied from `seed`. If `alg` is `""auto_select""`, the key and counter will be determined at runtime based on device type. Args: seed: An integer tensor of shape [2]. The seed to calculate the key and counter from. alg:"
torch.randn,,,
torch.grid_sampler,,,
torch.xpu.is_available,,,
torch.randn,,,
torch.nn.Linear,,,
torch.compile,tensorflow.python.ops.random_ops_util.get_key_counter_alg,,"Calculates the key, counter and algorithm to pass to raw RNG ops. This function calculates the key and counter, and determines the algorithm that will be passed to the raw RNG ops like `StatelessRandomUniformV2`. Depending on the input `alg`, the key and counter may be scrambled or copied from `seed`. If `alg` is `""auto_select""`, the key and counter will be determined at runtime based on device type. Args: seed: An integer tensor of shape [2]. The seed to calculate the key and counter from. alg:"
torch.zeros,,,
torch.tensor,tensorflow.python.summary.writer.event_file_writer_v2.flush,,Flushes the event file to disk. Call this method to make sure that all pending events have been written to disk.
torch.randn,,,
torch.allclose,,,
torch.backends.mps.is_available,,,
torch.to_dlpack,,,
torch.randn,,,
torch.randn,,,
torch.xpu.is_available,,,
torch.zeros,,,
torch.distributed.is_initialized,tensorflow.python.debug.cli.analyzer_cli_test.check_main_menu,,Check the main menu annotation of an output.
torch.randn,,,
torch.distributed.get_rank,tensorflow.python.distribute.cross_device_ops_test.make_collective,,"Returns collectives and other info to be used in tests. Args: num_processes: an integer indicating the number of processes that participate in the collective. gpu_per_process: number of GPUs (0 if no GPUs) used by each process. Returns: A tuple of (collective, devices, pid) where collective is a instance of `CollectiveAllReduce`, devices are a list of local devices (str) attached to the current process, and pid is the id of this process among all participant processes."
torch.compile,tensorflow.python.ops.random_ops_util.get_key_counter_alg,,"Calculates the key, counter and algorithm to pass to raw RNG ops. This function calculates the key and counter, and determines the algorithm that will be passed to the raw RNG ops like `StatelessRandomUniformV2`. Depending on the input `alg`, the key and counter may be scrambled or copied from `seed`. If `alg` is `""auto_select""`, the key and counter will be determined at runtime based on device type. Args: seed: An integer tensor of shape [2]. The seed to calculate the key and counter from. alg:"
torch.cuda.is_available,,,
torch.optim.SGD,tensorflow.python.checkpoint.checkpoint_management.latest_checkpoint,,"The prefix of the most recent checkpoint in `directory`. Equivalent to `tf.train.latest_checkpoint(directory)` where `directory` is the constructor argument to `CheckpointManager`. Suitable for passing to `tf.train.Checkpoint.restore` to resume training. Returns: The checkpoint prefix. If there are no checkpoints, returns `None`."
torch.tensor,tensorflow.python.summary.writer.event_file_writer_v2.flush,,Flushes the event file to disk. Call this method to make sure that all pending events have been written to disk.
torch.randn,,,
torch.optim.lr_scheduler.StepLR,,,
torch.nn.Parameter,,,
torch.randn,,,
torch.xpu.is_available,,,
torch.compile,tensorflow.python.ops.random_ops_util.get_key_counter_alg,,"Calculates the key, counter and algorithm to pass to raw RNG ops. This function calculates the key and counter, and determines the algorithm that will be passed to the raw RNG ops like `StatelessRandomUniformV2`. Depending on the input `alg`, the key and counter may be scrambled or copied from `seed`. If `alg` is `""auto_select""`, the key and counter will be determined at runtime based on device type. Args: seed: An integer tensor of shape [2]. The seed to calculate the key and counter from. alg:"
torch._dynamo.graph_break,,,
torch.compile,tensorflow.python.ops.random_ops_util.get_key_counter_alg,,"Calculates the key, counter and algorithm to pass to raw RNG ops. This function calculates the key and counter, and determines the algorithm that will be passed to the raw RNG ops like `StatelessRandomUniformV2`. Depending on the input `alg`, the key and counter may be scrambled or copied from `seed`. If `alg` is `""auto_select""`, the key and counter will be determined at runtime based on device type. Args: seed: An integer tensor of shape [2]. The seed to calculate the key and counter from. alg:"
torch.ones,,,
torch.nn.functional.relu,tensorflow.python.keras.engine.keras_tensor.ref,"relu(input, inplace=False) -> Tensor Applies the rectified linear unit function element-wise. See :class:`~torch.nn.ReLU` for more details.",Returns a hashable reference object to this KerasTensor. The primary use case for this API is to put KerasTensors in a set/dictionary. We can't put tensors in a set/dictionary as `tensor.__hash__()` is not available and tensor equality (`==`) is supposed to produce a tensor representing if the two inputs are equal. See the documentation of `tf.Tensor.ref()` for more info.
torch.export.export,tensorflow.python.framework.func_graph.func_graph_from_py_func,,"Returns a `FuncGraph` generated from `python_func`. Args: name: an identifier for the function. python_func: the Python function to trace. args: the positional args with which the Python function should be called; ignored if a signature is provided. kwargs: the keyword args with which the Python function should be called; ignored if a signature is provided. signature: a possibly nested sequence of `TensorSpecs` specifying the shapes and dtypes of the arguments. When a signature is provided, `arg"
torch.randn,,,
torch.randn,,,
torch.nn.Parameter,,,
torch.tensor,tensorflow.python.summary.writer.event_file_writer_v2.flush,,Flushes the event file to disk. Call this method to make sure that all pending events have been written to disk.
torch.empty_like,,,
torch.randn,,,
torch.xpu.is_available,,,
torch.utils.cpp_extension.check_compiler_is_gcc,,,
torch.utils.cpp_extension.get_cxx_compiler,,,
torch.ones,,,
torch.export.export,tensorflow.python.framework.func_graph.func_graph_from_py_func,,"Returns a `FuncGraph` generated from `python_func`. Args: name: an identifier for the function. python_func: the Python function to trace. args: the positional args with which the Python function should be called; ignored if a signature is provided. kwargs: the keyword args with which the Python function should be called; ignored if a signature is provided. signature: a possibly nested sequence of `TensorSpecs` specifying the shapes and dtypes of the arguments. When a signature is provided, `arg"
torch.ops.aten.any.dims,,,
torch.randn,,,
torch.equal,tensorflow.python.ops.linalg.linear_operator_addition.can_add,,Returns `True` if this `Adder` can add `op1` and `op2`. Else `False`.
torch.nn.utils.prune.random_unstructured,,,
torch.nn.Linear,,,
torch.nn.utils.prune.remove,tensorflow.python.ops.distributions.bijector_impl.forward_log_det_jacobian,,"Returns both the forward_log_det_jacobian. Args: x: `Tensor`. The input to the ""forward"" Jacobian determinant evaluation. event_ndims: Number of dimensions in the probabilistic events being transformed. Must be greater than or equal to `self.forward_min_event_ndims`. The result is summed over the final dimensions to produce a scalar Jacobian determinant for each event, i.e. it has shape `x.shape.ndims - event_ndims` dimensions. name: The name to give this op. Returns: `Tensor`, if this bijector "
torch.linalg.solve,tensorflow.python.ops.stateful_random_ops.get_global_generator,,"Retrieves the global generator. This function will create the global generator the first time it is called, and the generator will be placed at the default device at that time, so one needs to be careful when this function is first called. Using a generator placed on a less-ideal device will incur performance regression. Returns: The global `tf.random.Generator` object."
torch.randn,,,
torch.randn_like,,,
torch._inductor.compile_fx,tensorflow.python.ops.control_flow_v2_toggles.disable_control_flow_v2,,Opts out of control flow v2. Note: v2 control flow is always enabled inside of tf.function. Calling this function has no effect in that case. If your code needs tf.disable_control_flow_v2() to be called to work properly please file a bug.
torch.randn,,,
torch.allclose,,,
torch.tensor_split,,,
torch.arange,,,
torch.zeros,,,
torch.arange,,,
torch.randint,,,
torch.randn,,,
torch.allclose,,,
torch.export.export,tensorflow.python.framework.func_graph.func_graph_from_py_func,,"Returns a `FuncGraph` generated from `python_func`. Args: name: an identifier for the function. python_func: the Python function to trace. args: the positional args with which the Python function should be called; ignored if a signature is provided. kwargs: the keyword args with which the Python function should be called; ignored if a signature is provided. signature: a possibly nested sequence of `TensorSpecs` specifying the shapes and dtypes of the arguments. When a signature is provided, `arg"
torch.randn,,,
torch.tensor,tensorflow.python.summary.writer.event_file_writer_v2.flush,,Flushes the event file to disk. Call this method to make sure that all pending events have been written to disk.
torch.nn.functional.scaled_dot_product_attention,,,
torch.randn,,,
torch.randn,,,
torch.linalg.eigh,tensorflow.python.keras.legacy_tf_layers.core.flatten,,"Flattens an input tensor while preserving the batch axis (axis 0). Args: inputs: Tensor input. name: The name of the layer (string). data_format: A string, one of `channels_last` (default) or `channels_first`. The ordering of the dimensions in the inputs. `channels_last` corresponds to inputs with shape `(batch, height, width, channels)` while `channels_first` corresponds to inputs with shape `(batch, channels, height, width)`. Returns: Reshaped tensor. Examples: x = tf.compat.v1.placeholder(sha"
torch.cuda.is_available,,,
torch.full,tensorflow.python.client.session.make_callable,,"Returns a Python callable that runs a particular step. The returned callable will take `len(feed_list)` arguments whose types must be compatible feed values for the respective elements of `feed_list`. For example, if element `i` of `feed_list` is a `tf.Tensor`, the `i`th argument to the returned callable must be a numpy ndarray (or something convertible to an ndarray) with matching element type and shape. See `tf.Session.run` for details of the allowable feed key and value types. The returned ca"
torch.add,tensorflow.python.summary.writer.writer.add_session_log,,Adds a `SessionLog` protocol buffer to the event file. This method wraps the provided session in an `Event` protocol buffer and adds it to the event file. Args: session_log: A `SessionLog` protocol buffer. global_step: Number. Optional global step value to record with the summary.
torch.matmul,tensorflow.python.ops.array_ops.transpose_v2,,"Transposes `a`, where `a` is a Tensor. Permutes the dimensions according to the value of `perm`. The returned tensor's dimension `i` will correspond to the input dimension `perm[i]`. If `perm` is not given, it is set to (n-1...0), where n is the rank of the input tensor. Hence, by default, this operation performs a regular matrix transpose on 2-D input Tensors. If conjugate is `True` and `a.dtype` is either `complex64` or `complex128` then the values of `a` are conjugated and transposed. @compat"
torch.backends.mps.is_available,,,
torch.special.gammaincc,,,
torch.tensor,tensorflow.python.summary.writer.event_file_writer_v2.flush,,Flushes the event file to disk. Call this method to make sure that all pending events have been written to disk.
torch.special.gamma,,,
torch.randn,,,
torch.xpu.is_available,,,
torch.randn,,,
torch.nn.functional.grid_sample,,,
torch.xpu.is_available,,,
torch.randn,,,
torch.utils.data.DataLoader,,,
torch.randperm,,,
torch.no_grad,,,
torch.randn,,,
torch.export.export,tensorflow.python.framework.func_graph.func_graph_from_py_func,,"Returns a `FuncGraph` generated from `python_func`. Args: name: an identifier for the function. python_func: the Python function to trace. args: the positional args with which the Python function should be called; ignored if a signature is provided. kwargs: the keyword args with which the Python function should be called; ignored if a signature is provided. signature: a possibly nested sequence of `TensorSpecs` specifying the shapes and dtypes of the arguments. When a signature is provided, `arg"
torch.matmul,tensorflow.python.ops.array_ops.transpose_v2,,"Transposes `a`, where `a` is a Tensor. Permutes the dimensions according to the value of `perm`. The returned tensor's dimension `i` will correspond to the input dimension `perm[i]`. If `perm` is not given, it is set to (n-1...0), where n is the rank of the input tensor. Hence, by default, this operation performs a regular matrix transpose on 2-D input Tensors. If conjugate is `True` and `a.dtype` is either `complex64` or `complex128` then the values of `a` are conjugated and transposed. @compat"
torch.randn,,,
torch.linalg.cholesky,,,
torch.device,tensorflow.python.eager.context.get_device_name,,Get the device name for the current thread. Returns: The device name for the current thread.
torch.cuda.is_available,,,
torch.testing.assert_close,,,
torch.linalg.cholesky_inverse,,,
torch.nn.EmbeddingBag,,,
torch.tensor,tensorflow.python.summary.writer.event_file_writer_v2.flush,,Flushes the event file to disk. Call this method to make sure that all pending events have been written to disk.
torch.randn,,,
torch.utils.checkpoint.checkpoint,tensorflow.python.keras.engine.base_layer_utils.make_variable,,"Temporary util to create a variable (relies on `variable_scope.variable`). Some reuse-related technicalities prevent us from using `variable_scope.get_variable()` directly, so we use a subcomponent that has fewer constraints (`variable_scope.variable()`). In the longer term, it seems like a similar ""default variable creator"" method should exist in `Trackable` instead. When this happens, we can get rid of this temporary solution. TODO(fchollet): remove this method when no longer needed. Args: nam"
torch.set_float32_matmul_precision,,,
torch.no_grad,,,
torch._dynamo.graph_break,,,
torch.compile,tensorflow.python.ops.random_ops_util.get_key_counter_alg,,"Calculates the key, counter and algorithm to pass to raw RNG ops. This function calculates the key and counter, and determines the algorithm that will be passed to the raw RNG ops like `StatelessRandomUniformV2`. Depending on the input `alg`, the key and counter may be scrambled or copied from `seed`. If `alg` is `""auto_select""`, the key and counter will be determined at runtime based on device type. Args: seed: An integer tensor of shape [2]. The seed to calculate the key and counter from. alg:"
torch.ones,,,
torch.cuda.device_count,,,
torch.cuda.is_available,,,
torch.compile,tensorflow.python.ops.random_ops_util.get_key_counter_alg,,"Calculates the key, counter and algorithm to pass to raw RNG ops. This function calculates the key and counter, and determines the algorithm that will be passed to the raw RNG ops like `StatelessRandomUniformV2`. Depending on the input `alg`, the key and counter may be scrambled or copied from `seed`. If `alg` is `""auto_select""`, the key and counter will be determined at runtime based on device type. Args: seed: An integer tensor of shape [2]. The seed to calculate the key and counter from. alg:"
torch.ones,,,
torch.xpu.is_available,,,
torch.cuda.get_arch_list,,,
torch.cuda.graph,tensorflow.python.framework.op_callbacks.add_op_callback,,"Add a thread-local callback that intercepts op execution and op creation. The `callback_fn` will be invoked immediately after any of the three types of events: - The execution of an TensorFlow operation (""op"" for short hereafter) under eager mode, - The execution of a FuncGraph under eager mode, - The creation of an op during graph construction (e.g., in @tf.function-decorated Python functions). Known limitations: 1. Under graph mode, overriding the output tensors of control-flow ops, including "
torch.nn.ReLU,,,
torch.randn,,,
torch.cuda.CUDAGraph,,,
torch.cuda.is_available,,,
torch.nn.Linear,,,
torch.compile,tensorflow.python.ops.random_ops_util.get_key_counter_alg,,"Calculates the key, counter and algorithm to pass to raw RNG ops. This function calculates the key and counter, and determines the algorithm that will be passed to the raw RNG ops like `StatelessRandomUniformV2`. Depending on the input `alg`, the key and counter may be scrambled or copied from `seed`. If `alg` is `""auto_select""`, the key and counter will be determined at runtime based on device type. Args: seed: An integer tensor of shape [2]. The seed to calculate the key and counter from. alg:"
torch.randn,,,
torch.relu,tensorflow.python.keras.engine.keras_tensor.ref,,Returns a hashable reference object to this KerasTensor. The primary use case for this API is to put KerasTensors in a set/dictionary. We can't put tensors in a set/dictionary as `tensor.__hash__()` is not available and tensor equality (`==`) is supposed to produce a tensor representing if the two inputs are equal. See the documentation of `tf.Tensor.ref()` for more info.
torch.empty,,,
torch.broadcast_tensors,tensorflow.python.data.ops.dataset_ops.unbatch,,"Splits elements of a dataset into multiple elements. For example, if elements of the dataset are shaped `[B, a0, a1, ...]`, where `B` may vary for each input element, then for each element in the dataset, the unbatched dataset will contain `B` consecutive elements of shape `[a0, a1, ...]`. >>> elements = [ [1, 2, 3], [1, 2], [1, 2, 3, 4] ] >>> dataset = tf.data.Dataset.from_generator(lambda: elements, tf.int64) >>> dataset = dataset.unbatch() >>> list(dataset.as_numpy_iterator()) [1, 2, 3, 1, 2,"
torch.no_grad,,,
torch.utils.data.DataLoader,,,
torch.optim.SGD,tensorflow.python.checkpoint.checkpoint_management.latest_checkpoint,,"The prefix of the most recent checkpoint in `directory`. Equivalent to `tf.train.latest_checkpoint(directory)` where `directory` is the constructor argument to `CheckpointManager`. Suitable for passing to `tf.train.Checkpoint.restore` to resume training. Returns: The checkpoint prefix. If there are no checkpoints, returns `None`."
torch.nn.ReLU,,,
torch.nn.Flatten,,,
torch.nn.Sequential,,,
torch.nn.Linear,,,
torch.nn.CrossEntropyLoss,,,
torch.xpu.is_available,,,
torch.randn,,,
torch.zeros,,,
torch.softmax,tensorflow.python.keras.engine.base_layer.input_spec,,"`InputSpec` instance(s) describing the input format for this layer. When you create a layer subclass, you can set `self.input_spec` to enable the layer to run input compatibility checks when it is called. Consider a `Conv2D` layer: it can only be called on a single input tensor of rank 4. As such, you can set, in `__init__()`: python self.input_spec = tf.keras.layers.InputSpec(ndim=4) Now, if you try to call the layer on an input that isn't rank 4 (for instance, an input of shape `(2,)`, it will"
torch.randn,,,
torch.nn.Conv1d,,,
torch.xpu.is_available,,,
torch.tensor,tensorflow.python.summary.writer.event_file_writer_v2.flush,,Flushes the event file to disk. Call this method to make sure that all pending events have been written to disk.
torch.full_like,,,
torch.conj,,,
torch.linalg.cholesky_solve,,,
torch.randn,,,
torch.cuda.is_available,,,
torch.testing.assert_close,,,
torch.zeros,,,
torch.nn.attention.flex_attention.flex_attention,tensorflow.python.eager.polymorphic_function.function_type_utils.to_input_signature,,Extracts an input_signature from function_type instance.
torch.randn,,,
torch.cuda.is_available,,,
torch.nn.attention.flex_attention.create_block_mask,,,
torch.nn.Parameter,,,
torch.cuda.device_count,,,
torch.cuda.is_available,,,
torch.cuda.set_per_process_memory_fraction,,,
torch.to_dlpack,,,
torch.randn,,,
torch.randn,,,
torch.nn.Conv1d,,,
torch.xpu.is_available,,,
torch.jit.script,tensorflow.python.keras.backend_config.image_data_format,,"Returns the default image data format convention. Returns: A string, either `'channels_first'` or `'channels_last'` Example: >>> tf.keras.backend.image_data_format() 'channels_last'"
torch.rand,tensorflow.python.client.session.list_devices,,"Lists available devices in this session. python devices = sess.list_devices() for d in devices: print(d.name) Where: Each element in the list has the following properties name: A string with the full name of the device. ex: `/job:worker/replica:0/task:3/device:CPU:0` device_type: The type of the device (e.g. `CPU`, `GPU`, `TPU`.) memory_limit: The maximum amount of memory available on the device. Note: depending on the device, it is possible the usable memory could be substantially less. Raises:"
torch.cuda.device_count,,,
torch.cuda.is_available,,,
torch.manual_seed,tensorflow.python.ops.stateful_random_ops.from_seed,,"Creates a generator from a seed. A seed is a 1024-bit unsigned integer represented either as a Python integer or a vector of integers. Seeds shorter than 1024-bit will be padded. The padding, the internal structure of a seed and the way a seed is converted to a state are all opaque (unspecified). The only semantics specification of seeds is that two different seeds are likely to produce two independent generators (but no guarantee). Args: seed: the seed for the RNG. alg: (optional) the RNG algor"
torch.cuda.is_available,,,
torch.tensor,tensorflow.python.summary.writer.event_file_writer_v2.flush,,Flushes the event file to disk. Call this method to make sure that all pending events have been written to disk.
torch.linalg.inv,tensorflow.python.data.util.convert.partial_shape_to_tensor,,"Returns a `tf.Tensor` that represents the given shape. Args: shape_like: A value that can be converted to a `tf.TensorShape` or a `tf.Tensor`. Returns: A 1-D `tf.Tensor` of `tf.int64` elements representing the given shape, where `-1` is substituted for any unknown dimensions."
torch.randn,,,
torch.nn.Linear,,,
torch.compile,tensorflow.python.ops.random_ops_util.get_key_counter_alg,,"Calculates the key, counter and algorithm to pass to raw RNG ops. This function calculates the key and counter, and determines the algorithm that will be passed to the raw RNG ops like `StatelessRandomUniformV2`. Depending on the input `alg`, the key and counter may be scrambled or copied from `seed`. If `alg` is `""auto_select""`, the key and counter will be determined at runtime based on device type. Args: seed: An integer tensor of shape [2]. The seed to calculate the key and counter from. alg:"
torch.is_complex,,,
torch.tensor,tensorflow.python.summary.writer.event_file_writer_v2.flush,,Flushes the event file to disk. Call this method to make sure that all pending events have been written to disk.
torch.xpu.is_available,,,
torch.xpu.mem_get_info,,,
torch.set_default_dtype,,,
torch.zeros,,,
torch.cat,tensorflow.python.tpu.tensor_tracer_report.create_report_proto,,"Creates and returns a proto that stores tensor tracer configuration. Args: tt_config: TensorTracerConfig object holding information about the run environment (device, # cores, # hosts), and tensor tracer version information. tt_parameters: TTParameters objects storing the user provided parameters for tensor tracer. tensor_trace_order: TensorTraceOrder object storing a topological order of the graph. tensor_trace_points: Progromatically added trace_points/checkpoints. collected_signature_types: T"
torch.tensor,tensorflow.python.summary.writer.event_file_writer_v2.flush,,Flushes the event file to disk. Call this method to make sure that all pending events have been written to disk.
torch.cumsum,,,
torch.randn,,,
torch.is_storage,,,
torch.cuda.empty_cache,,,
torch.cuda.device_count,,,
torch.cuda.set_device,tensorflow.python.debug.lib.source_remote.send_eager_tracebacks,,"Send the tracebacks of an eager execution call to debug server(s). Args: destinations: gRPC destination addresses, a `str` or a `list` of `str`s, e.g., ""localhost:4242"". If a `list`, gRPC requests containing the same origin_stack: The traceback of the eager operation invocation. send_source: Whether the source files involved in the op tracebacks but outside the TensorFlow library are to be sent."
torch.distributed.init_process_group,,,
torch.multiprocessing.spawn,tensorflow.python.distribute.coordinator.cluster_coordinator.wait,,"Wait for all closures to be finished before returning. If `mark_failed` was called before or during `wait`, the error from the first invocation of `mark_failed` will be raised. Args: timeout: A float specifying a timeout for the wait in seconds. Returns: True unless the given timeout expired, in which case it returns False."
torch.distributed.destroy_process_group,,,
torch.distributed.barrier,tensorflow.python.ops.collective_ops.all_gather_v2,,"Accumulates tensors collectively, across devices, along first dimension. Args: t: the tensor to participate in the accumulation. group_size: an int32 tensor, the total number of tensors to be collectively accumulated. Each must reside on a different device. Should be a positive integer. group_key: an int32 tensor identifying the group of devices. instance_key: an int32 tensor identifying the participating group of Ops. communication_hint: preferred collective communication. The implementation ma"
torch.randn,,,
torch.nn.functional.channel_shuffle,,,
torch.cuda.get_arch_list,,,
torch.tensor,tensorflow.python.summary.writer.event_file_writer_v2.flush,,Flushes the event file to disk. Call this method to make sure that all pending events have been written to disk.
torch.aminmax,,,
torch.tensor,tensorflow.python.summary.writer.event_file_writer_v2.flush,,Flushes the event file to disk. Call this method to make sure that all pending events have been written to disk.
torch.ones,,,
torch.autograd.grad,tensorflow.python.util.dispatch.dispatch_for_unary_elementwise_apis,,"Decorator to override default implementation for unary elementwise APIs. The decorated function (known as the ""elementwise api handler"") overrides the default implementation for any unary elementwise API whenever the value for the first argument (typically named `x`) matches the type annotation `x_type`. The elementwise api handler is called with two arguments: `elementwise_api_handler(api_func, x)` Where `api_func` is a function that takes a single parameter and performs the elementwise operati"
torch.matmul,tensorflow.python.ops.array_ops.transpose_v2,,"Transposes `a`, where `a` is a Tensor. Permutes the dimensions according to the value of `perm`. The returned tensor's dimension `i` will correspond to the input dimension `perm[i]`. If `perm` is not given, it is set to (n-1...0), where n is the rank of the input tensor. Hence, by default, this operation performs a regular matrix transpose on 2-D input Tensors. If conjugate is `True` and `a.dtype` is either `complex64` or `complex128` then the values of `a` are conjugated and transposed. @compat"
torch.ones,,,
torch.linalg.inv,tensorflow.python.data.util.convert.partial_shape_to_tensor,,"Returns a `tf.Tensor` that represents the given shape. Args: shape_like: A value that can be converted to a `tf.TensorShape` or a `tf.Tensor`. Returns: A 1-D `tf.Tensor` of `tf.int64` elements representing the given shape, where `-1` is substituted for any unknown dimensions."
torch.abs,tensorflow.python.ops.array_ops.identity,,"Return a Tensor with the same shape and contents as input. The return value is not the same Tensor as the original, but contains the same values. This operation is fast when used on the same device. For example: >>> a = tf.constant([0.78]) >>> a_identity = tf.identity(a) >>> a.numpy() array([0.78], dtype=float32) >>> a_identity.numpy() array([0.78], dtype=float32) Calling `tf.identity` on a variable will make a Tensor that represents the value of that variable at the time it is called. This is e"
torch.randn,,,
torch.backends.mps.is_available,,,
torch.max,tensorflow.python.ops.tensor_array_ops.unstack,,"Unstack the values of a `Tensor` in the TensorArray. If input value shapes have rank-`R`, then the output TensorArray will contain elements whose shapes are rank-`(R-1)`. Args: value: (N+1)-D. Tensor of type `dtype`. The Tensor to unstack. name: A name for the operation (optional). Returns: A new TensorArray object with flow that ensures the unstack occurs. Use this object for all subsequent operations. Raises: ValueError: if the shape inference fails."
torch.set_default_device,,,
torch.normal,tensorflow.python.keras.backend.less,,Element-wise truth value of (x < y). Args: x: Tensor or variable. y: Tensor or variable. Returns: A bool tensor.
torch.cuda.is_available,,,
torch.randn,,,
torch.nn.attention.flex_attention.flex_attention,tensorflow.python.eager.polymorphic_function.function_type_utils.to_input_signature,,Extracts an input_signature from function_type instance.
torch.randn,,,
torch.var,tensorflow.python.feature_column.feature_column_v2.get_variable,,Returns an existing variable. Args: feature_column: A `FeatureColumn` object this variable corresponds to. name: variable name.
torch.randn,,,
torch.addmm,,,
torch.nonzero,,,
torch.nn.functional.embedding,tensorflow.python.feature_column.feature_column_v2.embedding_column,"Generate a simple lookup table that looks up embeddings in a fixed dictionary and size. This module is often used to retrieve word embeddings using indices. The input to the module is a list of indices, and the embedding matrix, and the output is the corresponding word embeddings. See :class:`torch.nn.Embedding` for more details. .. note:: Note that the analytical gradients of this function with respect to entries in :attr:`weight` at the row specified by :attr:`padding_idx` are expected to diff","`DenseColumn` that converts from sparse, categorical input. Use this when your inputs are sparse, but you want to convert them to a dense representation (e.g., to feed to a DNN). Args: categorical_column: A `CategoricalColumn` created by a `categorical_column_with_*` function. This column produces the sparse IDs that are inputs to the embedding lookup. dimension: An integer specifying dimension of the embedding, must be > 0. combiner: A string specifying how to reduce if there are multiple entri"
torch.zeros,,,
torch.full,tensorflow.python.client.session.make_callable,,"Returns a Python callable that runs a particular step. The returned callable will take `len(feed_list)` arguments whose types must be compatible feed values for the respective elements of `feed_list`. For example, if element `i` of `feed_list` is a `tf.Tensor`, the `i`th argument to the returned callable must be a numpy ndarray (or something convertible to an ndarray) with matching element type and shape. See `tf.Session.run` for details of the allowable feed key and value types. The returned ca"
torch.matmul,tensorflow.python.ops.array_ops.transpose_v2,,"Transposes `a`, where `a` is a Tensor. Permutes the dimensions according to the value of `perm`. The returned tensor's dimension `i` will correspond to the input dimension `perm[i]`. If `perm` is not given, it is set to (n-1...0), where n is the rank of the input tensor. Hence, by default, this operation performs a regular matrix transpose on 2-D input Tensors. If conjugate is `True` and `a.dtype` is either `complex64` or `complex128` then the values of `a` are conjugated and transposed. @compat"
torch.clamp,,,
torch.manual_seed,tensorflow.python.ops.stateful_random_ops.from_seed,,"Creates a generator from a seed. A seed is a 1024-bit unsigned integer represented either as a Python integer or a vector of integers. Seeds shorter than 1024-bit will be padded. The padding, the internal structure of a seed and the way a seed is converted to a state are all opaque (unspecified). The only semantics specification of seeds is that two different seeds are likely to produce two independent generators (but no guarantee). Args: seed: the seed for the RNG. alg: (optional) the RNG algor"
torch.empty,,,
torch.backends.mps.is_available,,,
torch.nanmedian,,,
torch.backends.mps.is_available,,,
torch.nn.functional.grid_sample,,,
torch.randn,,,
torch.randn,,,
torch.matmul,tensorflow.python.ops.array_ops.transpose_v2,,"Transposes `a`, where `a` is a Tensor. Permutes the dimensions according to the value of `perm`. The returned tensor's dimension `i` will correspond to the input dimension `perm[i]`. If `perm` is not given, it is set to (n-1...0), where n is the rank of the input tensor. Hence, by default, this operation performs a regular matrix transpose on 2-D input Tensors. If conjugate is `True` and `a.dtype` is either `complex64` or `complex128` then the values of `a` are conjugated and transposed. @compat"
torch.xpu.is_available,,,
torch.randn,,,
torch.device,tensorflow.python.eager.context.get_device_name,,Get the device name for the current thread. Returns: The device name for the current thread.
torch.xpu.synchronize,,,
torch._dynamo.optimize,tensorflow.python.ops.distributions.distribution.copy,,"Creates a deep copy of the distribution. Note: the copy distribution may continue to depend on the original initialization arguments. Args: **override_parameters_kwargs: String/value dictionary of initialization arguments to override with new values. Returns: distribution: A new instance of `type(self)` initialized from the union of self.parameters and override_parameters_kwargs, i.e., `dict(self.parameters, **override_parameters_kwargs)`."
torch.randn,,,
torch.linalg.householder_product,,,
torch.no_grad,,,
torch.ones,,,
torch.allclose,,,
torch._dynamo.graph_break,,,
torch.compile,tensorflow.python.ops.random_ops_util.get_key_counter_alg,,"Calculates the key, counter and algorithm to pass to raw RNG ops. This function calculates the key and counter, and determines the algorithm that will be passed to the raw RNG ops like `StatelessRandomUniformV2`. Depending on the input `alg`, the key and counter may be scrambled or copied from `seed`. If `alg` is `""auto_select""`, the key and counter will be determined at runtime based on device type. Args: seed: An integer tensor of shape [2]. The seed to calculate the key and counter from. alg:"
torch.distributed._symmetric_memory.empty,,,
torch.cuda.set_device,tensorflow.python.debug.lib.source_remote.send_eager_tracebacks,,"Send the tracebacks of an eager execution call to debug server(s). Args: destinations: gRPC destination addresses, a `str` or a `list` of `str`s, e.g., ""localhost:4242"". If a `list`, gRPC requests containing the same origin_stack: The traceback of the eager operation invocation. send_source: Whether the source files involved in the op tracebacks but outside the TensorFlow library are to be sent."
torch.cuda.init,tensorflow.python.autograph.pyct.transpiler.create,,Initializes a function.
torch.distributed._symmetric_memory.rendezvous,tensorflow.python.data.ops.dataset_ops.is_subtype_of,,See base class.
torch.device,tensorflow.python.eager.context.get_device_name,,Get the device name for the current thread. Returns: The device name for the current thread.
torch.distributed.init_process_group,,,
torch.finfo,,,
torch.cuda.is_available,,,
torch.nn.Softmax,,,
torch.randn,,,
torch.randn,,,
torch.is_storage,,,
torch.distributed.checkpoint.load,tensorflow.python.keras.engine.base_layer_utils.make_variable,,"Temporary util to create a variable (relies on `variable_scope.variable`). Some reuse-related technicalities prevent us from using `variable_scope.get_variable()` directly, so we use a subcomponent that has fewer constraints (`variable_scope.variable()`). In the longer term, it seems like a similar ""default variable creator"" method should exist in `Trackable` instead. When this happens, we can get rid of this temporary solution. TODO(fchollet): remove this method when no longer needed. Args: nam"
torch.distributed.checkpoint.state_dict.StateDictOptions,,,
torch.distributed.checkpoint.DefaultLoadPlanner,,,
torch.optim.AdamW,,,
torch.mean,,,
torch.nn.Linear,,,
torch.distributed.checkpoint.state_dict.get_state_dict,tensorflow.python.autograph.impl.api.tf_convert,"Return the model state_dict and optimizers state_dict. ``get_state_dict`` can process any module that is parallelized by PyTorch FSDP/fully_shard, DDP/replicate, tensor_parallel/parallelize_module, and any combination of these parallelisms. The main functions of ``get_state_dict`` are: 1.) returning a model and optimizer state_dict that can be resharded with a different number of trainers and/or different parallelisms. 2.) hiding the parallelism-specific state_dict APIs. Users don't have to call","Decorator that applies AutoGraph to a function. Use in internal APIs. This API is suitable for high order functions internal to the TensorFlow API, and more generally any function to which AutoGraph is not applied. Guidance: `convert` was a decorator meant for use directly by developers, but most of today's uses go through `tf.function`. `tf_convert` is to be called from high order functions internal to TF. By default, all the internal TensorFlow functions are skipped when AutoGraph processes th"
torch.distributed.checkpoint.save,tensorflow.python.debug.lib.debug_utils.add_debug_tensor_watch,,"Add watch on a `Tensor` to `RunOptions`. N.B.: 1. Under certain circumstances, the `Tensor` may not get actually watched (e.g., if the node of the `Tensor` is constant-folded during runtime). 2. For debugging purposes, the `parallel_iteration` attribute of all `tf.while_loop`s in the graph are set to 1 to prevent any node from being executed multiple times concurrently. This change does not affect subsequent non-debugged runs of the same `tf.while_loop`s. Args: run_options: An instance of `confi"
torch.distributed.checkpoint.state_dict.set_state_dict,,,
torch.randn,,,
torch.nn.functional.rms_norm,,,
torch.xpu.is_available,,,
torch.utils.collect_env.main,,,
torch.cuda.is_available,,,
torch.empty,,,
torch._inductor.pattern_matcher.PatternMatcherPass,,,
torch._inductor.pattern_matcher.register_replacement,,,
torch.export.Dim,,,
torch.randn,,,
torch.tril,,,
torch.export.export,tensorflow.python.framework.func_graph.func_graph_from_py_func,,"Returns a `FuncGraph` generated from `python_func`. Args: name: an identifier for the function. python_func: the Python function to trace. args: the positional args with which the Python function should be called; ignored if a signature is provided. kwargs: the keyword args with which the Python function should be called; ignored if a signature is provided. signature: a possibly nested sequence of `TensorSpecs` specifying the shapes and dtypes of the arguments. When a signature is provided, `arg"
torch.device,tensorflow.python.eager.context.get_device_name,,Get the device name for the current thread. Returns: The device name for the current thread.
torch.nn.ConvTranspose3d,,,
torch.cuda.is_available,,,
torch.randn,,,
torch.scatter,tensorflow.python.ops.tensor_array_ops.write,,Write `value` into index `index` of the TensorArray. Args: index: 0-D. int32 scalar with the index to write to. value: N-D. Tensor of type `dtype`. The Tensor to write to this index. name: A name for the operation (optional). Returns: A new TensorArray object with flow that ensures the write occurs. Use this object for all subsequent operations. Raises: ValueError: if there are more writers than specified.
torch.arange,,,
torch.tensor,tensorflow.python.summary.writer.event_file_writer_v2.flush,,Flushes the event file to disk. Call this method to make sure that all pending events have been written to disk.
torch.ones_like,,,
torch._export.utils._detect_fake_mode_from_gm,,,
torch.ones_like,,,
torch.export.Dim,,,
torch.randn,,,
torch.fx.passes.fake_tensor_prop.FakeTensorProp,,,
torch.export.export,tensorflow.python.framework.func_graph.func_graph_from_py_func,,"Returns a `FuncGraph` generated from `python_func`. Args: name: an identifier for the function. python_func: the Python function to trace. args: the positional args with which the Python function should be called; ignored if a signature is provided. kwargs: the keyword args with which the Python function should be called; ignored if a signature is provided. signature: a possibly nested sequence of `TensorSpecs` specifying the shapes and dtypes of the arguments. When a signature is provided, `arg"
torch.polar,,,
torch.all,tensorflow.python.distribute.test_util.get_running_threads,,Returns a set of all running thread names.
torch.tensor,tensorflow.python.summary.writer.event_file_writer_v2.flush,,Flushes the event file to disk. Call this method to make sure that all pending events have been written to disk.
torch.manual_seed,tensorflow.python.ops.stateful_random_ops.from_seed,,"Creates a generator from a seed. A seed is a 1024-bit unsigned integer represented either as a Python integer or a vector of integers. Seeds shorter than 1024-bit will be padded. The padding, the internal structure of a seed and the way a seed is converted to a state are all opaque (unspecified). The only semantics specification of seeds is that two different seeds are likely to produce two independent generators (but no guarantee). Args: seed: the seed for the RNG. alg: (optional) the RNG algor"
torch.empty,,,
torch.matmul,tensorflow.python.ops.array_ops.transpose_v2,,"Transposes `a`, where `a` is a Tensor. Permutes the dimensions according to the value of `perm`. The returned tensor's dimension `i` will correspond to the input dimension `perm[i]`. If `perm` is not given, it is set to (n-1...0), where n is the rank of the input tensor. Hence, by default, this operation performs a regular matrix transpose on 2-D input Tensors. If conjugate is `True` and `a.dtype` is either `complex64` or `complex128` then the values of `a` are conjugated and transposed. @compat"
torch.backends.mps.is_built,,,
torch.backends.mps.is_available,,,
torch.cuda.get_rng_state,tensorflow.python.distribute.device_util.current,,Return a string (not canonicalized) for the current device.
torch.distributed.tensor.empty,,,
torch.distributed._tensor.placement_types.Shard,,,
torch.Generator,,,
torch.nn.init.uniform_,tensorflow.python.keras.backend.normalize_batch_in_training,,"Computes mean and std for batch then apply batch_normalization on batch. Args: x: Input tensor or variable. gamma: Tensor by which to scale the input. beta: Tensor with which to center the input. reduction_axes: iterable of integers, axes over which to normalize. epsilon: Fuzz factor. Returns: A tuple length of 3, `(normalized_tensor, mean, variance)`."
torch.manual_seed,tensorflow.python.ops.stateful_random_ops.from_seed,,"Creates a generator from a seed. A seed is a 1024-bit unsigned integer represented either as a Python integer or a vector of integers. Seeds shorter than 1024-bit will be padded. The padding, the internal structure of a seed and the way a seed is converted to a state are all opaque (unspecified). The only semantics specification of seeds is that two different seeds are likely to produce two independent generators (but no guarantee). Args: seed: the seed for the RNG. alg: (optional) the RNG algor"
torch.distributed.init_process_group,,,
torch.tensor,tensorflow.python.summary.writer.event_file_writer_v2.flush,,Flushes the event file to disk. Call this method to make sure that all pending events have been written to disk.
torch.autograd.grad,tensorflow.python.util.dispatch.dispatch_for_unary_elementwise_apis,,"Decorator to override default implementation for unary elementwise APIs. The decorated function (known as the ""elementwise api handler"") overrides the default implementation for any unary elementwise API whenever the value for the first argument (typically named `x`) matches the type annotation `x_type`. The elementwise api handler is called with two arguments: `elementwise_api_handler(api_func, x)` Where `api_func` is a function that takes a single parameter and performs the elementwise operati"
torch._C._get_cublas_allow_tf32,,,
torch._dynamo.backends.common.aot_autograd,tensorflow.python.tools.saved_model_aot_compile.freeze_model,,"Freeze a `MetaGraphDef` in preparation for tfcompile`. The graph is always optimized with grappler, and optionally (by default) variables are frozen as constants, before compilation happens. Args: checkpoint_path: Python string. Path to checkpoints/variables. meta_graph_def: Instance of `MetaGraphDef`. output_prefix: Python string. Path prefix for outputs. signature_def_key: String, the signature_def to use in the SavedModel. variables_to_feed: A list of strings, the variables that will be fed b"
torch.randn,,,
torch.sin,tensorflow.python.distribute.coordinator.cluster_coordinator.wait,,"Wait for all closures to be finished before returning. If `mark_failed` was called before or during `wait`, the error from the first invocation of `mark_failed` will be raised. Args: timeout: A float specifying a timeout for the wait in seconds. Returns: True unless the given timeout expired, in which case it returns False."
torch.compile,tensorflow.python.ops.random_ops_util.get_key_counter_alg,,"Calculates the key, counter and algorithm to pass to raw RNG ops. This function calculates the key and counter, and determines the algorithm that will be passed to the raw RNG ops like `StatelessRandomUniformV2`. Depending on the input `alg`, the key and counter may be scrambled or copied from `seed`. If `alg` is `""auto_select""`, the key and counter will be determined at runtime based on device type. Args: seed: An integer tensor of shape [2]. The seed to calculate the key and counter from. alg:"
torch.randn,,,
torch.compile,tensorflow.python.ops.random_ops_util.get_key_counter_alg,,"Calculates the key, counter and algorithm to pass to raw RNG ops. This function calculates the key and counter, and determines the algorithm that will be passed to the raw RNG ops like `StatelessRandomUniformV2`. Depending on the input `alg`, the key and counter may be scrambled or copied from `seed`. If `alg` is `""auto_select""`, the key and counter will be determined at runtime based on device type. Args: seed: An integer tensor of shape [2]. The seed to calculate the key and counter from. alg:"
torch.tensor,tensorflow.python.summary.writer.event_file_writer_v2.flush,,Flushes the event file to disk. Call this method to make sure that all pending events have been written to disk.
torch.library.impl,tensorflow.python.training.training_util.global_step,"Registers the function implementation for an operator defined in the library. Args: op_name: operator name (along with the overload) or OpOverload object. fn: function that's the operator implementation for the input dispatch key or :func:`~fallthrough_kernel` to register a fallthrough. dispatch_key: dispatch key that the input function should be registered for. By default, it uses the dispatch key that the library was created with. Example:: >>> my_lib = Library(""aten"", ""IMPL"") >>> def div_cpu(","Small helper to get the global step. python # Create a variable to hold the global_step. global_step_tensor = tf.Variable(10, trainable=False, name='global_step') # Create a session. sess = tf.compat.v1.Session() # Initialize the variable sess.run(global_step_tensor.initializer) # Get the variable value. print('global_step: %s' % tf.compat.v1.train.global_step(sess, global_step_tensor)) global_step: 10 Args: sess: A TensorFlow `Session` object. global_step_tensor: `Tensor` or the `name` of the o"
torch.library.define,tensorflow.python.autograph.operators.data_structures.list_stack,"Defines a new operator and its semantics in the ns namespace. Args: schema: function schema to define a new operator. alias_analysis (optional): Indicates if the aliasing properties of the operator arguments can be inferred from the schema (default behavior) or not (""CONSERVATIVE""). tags (Tag | Sequence[Tag]): one or more torch.Tag to apply to this operator. Tagging an operator changes the operator's behavior under various PyTorch subsystems; please read the docs for the torch.Tag carefully befo","The list stack function. This does not have a direct correspondent in Python. The closest idiom to this is tf.append or np.stack. It's different from those in the sense that it accepts a Tensor list, rather than a list of tensors. It can also accept TensorArray. When the target is anything else, the dispatcher will rely on ctx.original_call for fallback. Args: list_: An entity that supports append semantics. opts: A ListStackOpts object. Returns: The output of the stack operation, typically a Te"
torch._logging.set_logs,,,
torch.optim.lr_scheduler.ReduceLROnPlateau,,,
torch.linspace,,,
torch.tensor,tensorflow.python.summary.writer.event_file_writer_v2.flush,,Flushes the event file to disk. Call this method to make sure that all pending events have been written to disk.
torch.optim.Adam,,,
torch.nn.Linear,,,
torch.cuda.is_available,,,
torch.compile,tensorflow.python.ops.random_ops_util.get_key_counter_alg,,"Calculates the key, counter and algorithm to pass to raw RNG ops. This function calculates the key and counter, and determines the algorithm that will be passed to the raw RNG ops like `StatelessRandomUniformV2`. Depending on the input `alg`, the key and counter may be scrambled or copied from `seed`. If `alg` is `""auto_select""`, the key and counter will be determined at runtime based on device type. Args: seed: An integer tensor of shape [2]. The seed to calculate the key and counter from. alg:"
torch.einsum,,,
torch.cuda.amp.autocast,tensorflow.python.keras.backend.set_value,,"Sets the value of a variable, from a Numpy array. `backend.set_value` is the complement of `backend.get_value`, and provides a generic interface for assigning to variables while abstracting away the differences between TensorFlow 1.x and 2.x semantics. {snippet} Args: x: Variable to set to a new value. value: Value to set the tensor to, as a Numpy array (of the same shape)."
torch.equal,tensorflow.python.ops.linalg.linear_operator_addition.can_add,,Returns `True` if this `Adder` can add `op1` and `op2`. Else `False`.
torch.tensor,tensorflow.python.summary.writer.event_file_writer_v2.flush,,Flushes the event file to disk. Call this method to make sure that all pending events have been written to disk.
torch.quantize_per_tensor,,,
torch.randn,,,
torch.nn.LSTM,,,
